DATE_TIME,DC_POWER,AC_POWER,MODULE_TEMPERATURE,IRRADIATION,HOUR,DAY_OF_WEEK,MONTH,ROLLING_DC_POWER_MEAN,ROLLING_AC_POWER_MEAN,ROLLING_MODULE_TEMP_MEAN,ROLLING_IRRADIATION_MEAN,Predicted_DC_POWER,Predicted_AC_POWER
2024-05-11 09:30:00,4449.211850681819,436.84366883181815,33.25334267,0.286548186,9,3,6,3955.4719967613637,388.61489448409105,31.875751355,0.2543995984999998,2.1854713,-0.028461695
2024-05-11 09:45:00,4768.119318227273,467.6214285727273,34.09865733,0.30827921,9,3,6,4296.881696431818,421.8939529250001,32.809283605000005,0.2764825244999998,-8.08673,-2.6259
2024-05-11 10:00:00,5143.139610363636,504.1805194818182,34.56906553,0.334134747,10,3,6,4635.6680194772725,454.8726055227274,33.59045566500001,0.2992436689999998,1.308747,0.16742396
2024-05-11 10:15:00,5597.008928545454,548.5484577909091,35.71532393,0.366492589,10,3,6,4989.369926954545,489.2985186693183,34.409097365,0.32386368299999985,9356.32,931.5571
2024-05-11 10:30:00,5714.599837636363,560.0412337727273,36.90983687,0.375022491,10,3,6,5305.716923693181,520.0979099045455,35.323220915,0.34598225924999987,8136.959,816.17365
2024-05-11 10:45:00,5924.349837636363,580.5198051909091,36.50444327,0.388530498,10,3,6,5594.774553545454,548.322504059091,35.924667400000004,0.3660450812499999,26.327835,-1.0652304
2024-05-11 11:00:00,7197.244318090909,704.7694805181818,38.61497387,0.486530958,11,3,6,6108.300730477272,598.4697443181819,36.936144485,0.4041441339999998,3561.49,351.57858
2024-05-11 11:15:00,7793.846590954546,762.9482142863636,40.41920307,0.531565712,11,3,6,6657.510146079545,652.0696834420455,38.11211427,0.4454124147499998,-10.414657,-1.025908
2024-05-11 11:30:00,7328.654220818182,717.5960227272727,40.65581493,0.496013676,11,3,6,7061.023741875,691.4583806806819,39.048608785,0.4756602109999999,36.445908,1.2205417
2024-05-11 11:45:00,8250.466720772727,807.4582792181819,42.12864373,0.56116733,11,3,6,7642.552962659091,748.1929991875002,40.4546589,0.5188194189999998,-16.92427,-0.7516639
2024-05-11 12:00:00,9281.554383136363,907.8607954636365,43.57477453,0.638305813,12,3,6,8163.630478920453,798.9658279238638,41.694609065,0.5567631327499998,11585.237,1127.7535
2024-05-11 12:15:00,8924.173701272726,873.0563311727274,43.46879073,0.614046705,12,3,6,8446.212256499999,826.4928571454548,42.45700598,0.5773833809999999,114.30374,6.2414207
2024-05-11 12:30:00,7917.806818136363,775.0098214272726,42.5188598,0.551880899,12,3,6,8593.500405829545,840.8463068204546,42.9227671975,0.5913501867499998,-1.9706261,-1.2017817
2024-05-11 12:45:00,5811.926136363636,569.5050324636363,39.6965698,0.384930638,12,3,6,7983.865259727272,781.3579951318184,42.314748715,0.5472910137499999,1.8869941,-1.4690092
2024-05-11 13:00:00,6767.1883117727275,662.8032467454545,40.65225413,0.461413725,13,3,6,7355.2737418863635,720.0936079522728,41.584118615,0.5030679917499998,14.393632,0.9994061
2024-05-11 13:15:00,7291.028409090909,713.9130681818182,40.74435871,0.502480585,13,3,6,6946.9874188409085,680.3077922045455,40.90301061,0.4751764617499999,-5.2329097,-1.0646977
2024-05-11 13:30:00,4824.779220818182,473.29220779545454,39.3556314,0.336351275,13,3,6,6173.730519511364,604.878388796591,40.11220351,0.42129405574999984,8271.253,818.6651
2024-05-11 13:45:00,6409.000811681818,627.8504870136363,37.72163887,0.429461733,13,3,6,6322.999188340909,619.464752434091,39.6184707775,0.4324268294999999,10017.303,984.1016
2024-05-11 14:00:00,6748.831168863637,660.9698051954546,39.82221653,0.463052552,14,3,6,6318.409902613636,619.006392046591,39.4109613775,0.43283653624999985,-5.921325,-1.8825688
2024-05-11 14:15:00,9405.227272863636,919.3581169045455,42.903428,0.654122109,14,3,6,6846.959618556819,670.3676542272729,39.9507287,0.47074691724999984,15.208222,-1.1038315
2024-05-11 14:30:00,10348.25081140909,1010.897240259091,46.4054178,0.702585196,14,3,6,8227.827516204545,804.7689123431819,41.7131753,0.5623053974999999,2.8526466,0.71611524
2024-05-11 14:45:00,6174.621753227272,604.9468344090909,42.98126413,0.434643388,14,3,6,8169.232751590909,799.0429991920456,43.028081615000005,0.5636008112499998,6.533829,-0.4271543
2024-05-11 15:00:00,7403.262175363637,724.7412337681818,41.01912227,0.524356135,15,3,6,8332.84050321591,814.9858563352274,43.32730805,0.5789267069999998,-7.814605,0.28050256
2024-05-11 15:15:00,6306.891233818183,617.9139610409092,40.86477453,0.433010427,15,3,6,7558.256493454545,739.6248173693184,42.817644682499996,0.5236487864999998,9282.269,922.2815
2024-05-11 15:30:00,7161.314934954546,701.274594159091,39.83489129,0.504761345,15,3,6,6761.522524340909,662.2191558443183,41.175013055,0.4741928237499998,21.439072,1.052326
2024-05-11 15:45:00,6337.559253227272,620.8624188272727,39.98254813,0.424266909,15,3,6,6802.2568993409095,666.1980519488637,40.425334055,0.4715987039999998,62.799545,6.958352
2024-05-11 16:00:00,4805.651785727273,471.46534090909086,37.5957134,0.335383125,16,3,6,6152.854301931819,602.8790787340911,39.5694818375,0.4243554514999998,4168.6943,411.35602
2024-05-11 16:15:00,4452.2102271818185,437.01128246818183,35.03813887,0.302254971,16,3,6,5689.184050272727,557.6534090909091,38.1128229225,0.39166658749999983,5995.2344,586.8776
2024-05-11 16:30:00,3603.7751623181816,354.21785713636365,33.5636152,0.245398733,16,3,6,4799.799107113637,470.88922483522737,36.5450039,0.32682593449999986,9.601151,0.9873357
2024-05-11 16:45:00,3151.3628248181817,309.60900974545456,30.6198468,0.214146695,16,3,6,4003.2500000113637,393.07587256477285,34.2043285675,0.27429588099999985,5041.356,497.8
2024-05-11 17:00:00,2391.211039,234.4737824681818,27.26988113,0.163458322,17,3,6,3399.6398133295456,333.8279829545456,31.6228705,0.23131468024999982,11013.787,1087.5525
2024-05-11 17:15:00,1886.4025974545455,184.91298701363635,28.58452367,0.129820916,17,3,6,2758.187905897727,270.8034090909092,30.0094667,0.18820616649999986,10.967668,0.37888503
2024-05-11 17:30:00,1422.4545454545455,138.6909090909091,27.7955018,0.09718647,17,3,6,2212.857751681818,216.92167207954557,28.56743835,0.15115310074999982,-8.425033,-1.9673846
2024-05-11 17:45:00,985.0389610863637,95.70389610409092,26.87296621,0.067963826,17,3,6,1671.2767857488636,163.44539366920466,27.6307182025,0.11460738349999983,8171.344,799.2013
2024-05-11 18:00:00,631.7288961045455,61.180681818636366,25.91061213,0.04432217,18,3,6,1231.406250025,120.1221185068183,27.2909009525,0.08482334549999983,5444.8315,520.55225
2024-05-11 18:15:00,297.88149350909094,28.779626622727275,24.83780307,0.021477627,18,3,6,834.2759740386364,81.08877840909102,26.354220802500002,0.05773752324999983,-3.641082,-0.1199801
2024-05-11 18:30:00,58.63555194818182,5.657386363590909,23.9481894,0.005946636,18,3,6,493.3212256620455,47.83039772726148,25.3923927025,0.034927564749999834,31.329834,1.581501
2024-05-11 18:45:00,0.0,0.0,23.32562873,5.16e-05,18,3,6,247.06148539045455,23.904423701238752,24.5055583325,0.017949508249999833,29.36969,2.7612388
2024-05-11 19:00:00,0.0,0.0,23.04192927,0.0,19,3,6,89.1292613643182,8.609253246579659,23.7883876175,0.006868965749999833,4176.6694,411.74976
2024-05-11 19:15:00,0.0,0.0,22.8550334,0.0,19,3,6,14.658887987045455,1.414346590897841,23.292695199999997,0.0014995589999998334,8431.848,828.0421
2024-05-11 19:30:00,0.0,0.0,22.5817038,0.0,19,3,6,0.0,0.0,22.9510738,1.2899999999833467e-05,2944.2026,278.38715
2024-05-11 19:45:00,0.0,0.0,22.5616825,0.0,19,3,6,0.0,0.0,22.7600872425,0.0,3.0419014,-0.3351295
2024-05-11 20:00:00,0.0,0.0,22.66164153,0.0,20,3,6,0.0,0.0,22.6650153075,0.0,10.740495,0.36331916
2024-05-11 20:15:00,0.0,0.0,22.74701933,0.0,20,3,6,0.0,0.0,22.63801179,0.0,22.795364,0.74472594
2024-05-11 20:30:00,0.0,0.0,22.83385,0.0,20,3,6,0.0,0.0,22.70104834,0.0,10748.566,1060.8964
2024-05-11 20:45:00,0.0,0.0,22.59436247,0.0,20,3,6,0.0,0.0,22.7092183325,0.0,10220.7295,1022.6448
2024-05-11 21:00:00,0.0,0.0,22.36898193,0.0,21,3,6,0.0,0.0,22.636053432500002,0.0,9517.609,945.2707
2024-05-11 21:15:00,0.0,0.0,22.36188953,0.0,21,3,6,0.0,0.0,22.539770982500002,0.0,26.82486,1.3258255
2024-05-11 21:30:00,0.0,0.0,22.2714662,0.0,21,3,6,0.0,0.0,22.399175032499997,0.0,7523.0737,747.3509
2024-05-11 21:45:00,0.0,0.0,22.301834,0.0,21,3,6,0.0,0.0,22.326042915,0.0,4.411286,-0.4881165
2024-05-11 22:00:00,0.0,0.0,22.34254747,0.0,22,3,6,0.0,0.0,22.319434299999998,0.0,-5.9335628,0.58603597
2024-05-11 22:15:00,0.0,0.0,22.36729333,0.0,22,3,6,0.0,0.0,22.32078525,0.0,3.1626441,-2.2634509
2024-05-11 22:30:00,0.0,0.0,22.27728473,0.0,22,3,6,0.0,0.0,22.3222398825,0.0,1710.8315,180.40121
2024-05-11 22:45:00,0.0,0.0,22.2010274,0.0,22,3,6,0.0,0.0,22.2970382325,0.0,6791.5884,667.97845
2024-05-11 23:00:00,0.0,0.0,21.94969073,0.0,23,3,6,0.0,0.0,22.1988240475,0.0,4203.5273,419.90628
2024-05-11 23:15:00,0.0,0.0,21.61979173,0.0,23,3,6,0.0,0.0,22.0119486475,0.0,13.297746,0.72090507
2024-05-11 23:30:00,0.0,0.0,21.0713054,0.0,23,3,6,0.0,0.0,21.710453815,0.0,-13.581298,-0.21666789
2024-05-11 23:45:00,0.0,0.0,20.63520814,0.0,23,3,6,0.0,0.0,21.318999,0.0,11602.402,1123.453
2024-05-12 00:00:00,0.0,0.0,20.52821053,0.0,0,4,6,0.0,0.0,20.96362895,0.0,-22.051743,-0.46932817
2024-05-12 00:15:00,0.0,0.0,20.66883147,0.0,0,4,6,0.0,0.0,20.725888885,0.0,34.975494,2.0416234
2024-05-12 00:30:00,0.0,0.0,21.1384398,0.0,0,4,6,0.0,0.0,20.742672485,0.0,10839.343,1070.4285
2024-05-12 00:45:00,0.0,0.0,20.96907347,0.0,0,4,6,0.0,0.0,20.8261388175,0.0,-10.450637,-1.0285449
2024-05-12 01:00:00,0.0,0.0,20.8421712,0.0,1,4,6,0.0,0.0,20.904628985000002,0.0,37.02083,1.4179342
2024-05-12 01:15:00,0.0,0.0,20.5014038,0.0,1,4,6,0.0,0.0,20.8627720675,0.0,9336.63,927.65015
2024-05-12 01:30:00,0.0,0.0,20.49038893,0.0,1,4,6,0.0,0.0,20.70075935,0.0,7.677338,0.42330575
2024-05-12 01:45:00,0.0,0.0,20.55668533,0.0,1,4,6,0.0,0.0,20.597662315,0.0,11277.387,1115.2084
2024-05-12 02:00:00,0.0,0.0,20.44197957,0.0,2,4,6,0.0,0.0,20.497614407500002,0.0,-2.2607262,-2.5400615
2024-05-12 02:15:00,0.0,0.0,19.79158127,0.0,2,4,6,0.0,0.0,20.320158775,0.0,23.861038,1.2766335
2024-05-12 02:30:00,0.0,0.0,19.63535353,0.0,2,4,6,0.0,0.0,20.106399924999998,0.0,5668.523,580.74115
2024-05-12 02:45:00,0.0,0.0,19.3708762,0.0,2,4,6,0.0,0.0,19.8099476425,0.0,11.224488,-0.17409158
2024-05-12 03:00:00,0.0,0.0,19.39233373,0.0,3,4,6,0.0,0.0,19.5475361825,0.0,-5.1793666,-2.456352
2024-05-12 03:15:00,0.0,0.0,20.0586528,0.0,3,4,6,0.0,0.0,19.614304065000002,0.0,-2.9831994,-1.9943063
2024-05-12 03:30:00,0.0,0.0,20.54806733,0.0,3,4,6,0.0,0.0,19.842482515,0.0,-2.95729,-0.4845779
2024-05-12 03:45:00,0.0,0.0,21.4555846,0.0,3,4,6,0.0,0.0,20.363659615000003,0.0,8246.439,817.0782
2024-05-12 04:00:00,0.0,0.0,20.44492187,0.0,4,4,6,0.0,0.0,20.62680665,0.0,4819.4946,483.56082
2024-05-12 04:15:00,0.0,0.0,19.544621,0.0,4,4,6,0.0,0.0,20.4982987,0.0,127.41516,8.550677
2024-05-12 04:30:00,0.0,0.0,19.437854,0.0,4,4,6,0.0,0.0,20.2207453675,0.0,8.529283,-0.12976098
2024-05-12 04:45:00,0.0,0.0,19.93045847,0.0,4,4,6,0.0,0.0,19.839463835,0.0,-11.562057,-1.0467725
2024-05-12 05:00:00,0.0,0.0,20.06298207,0.0,5,4,6,0.0,0.0,19.743978885,0.0,6597.4985,651.9268
2024-05-12 05:15:00,0.0,0.0,20.02573653,0.0,5,4,6,0.0,0.0,19.8642577675,0.0,1096.656,101.84083
2024-05-12 05:30:00,0.0,0.0,19.88956293,0.0,5,4,6,0.0,0.0,19.977185,0.0,8558.363,848.5764
2024-05-12 05:45:00,0.0,0.0,19.81311027,0.000122191,5,4,6,0.0,0.0,19.94784795,3.054774999983347e-05,3785.3596,371.16364
2024-05-12 06:00:00,0.0,0.0,20.12457087,0.003381435,6,4,6,0.0,0.0,19.96324515,0.0008759064999998335,-0.11561519,0.5695617
2024-05-12 06:15:00,159.41152597727273,15.38652597409091,20.46796873,0.013324422,6,4,6,39.85288149431818,3.846631493522841,20.0738032,0.004207011999999834,8572.814,854.5212
2024-05-12 06:30:00,364.7418831181818,35.257142857727274,20.90978793,0.025757199,6,4,6,131.03835227386364,12.66091720795466,20.32885945,0.010646311749999835,13071.053,1279.8282
2024-05-12 06:45:00,695.3003246727272,67.38303571454546,21.6351522,0.047127944,6,4,6,304.86343344204545,29.506676136591025,20.7843699325,0.022397749999999834,3765.6895,363.5763
2024-05-12 07:00:00,932.3133116909091,90.55892857136364,22.64900107,0.063095851,7,4,6,537.9417613647727,52.14640827943194,21.415477482500002,0.037326353999999826,8498.814,822.0753
2024-05-12 07:15:00,1062.3376623181819,103.24626622727273,23.34076313,0.071117836,7,4,6,763.6732954500001,74.1113433427274,22.133676082500003,0.05177470749999983,15.332704,0.13913226
2024-05-12 07:30:00,934.3863636272727,90.75681818227272,23.46994213,0.061796689,7,4,6,906.0844155772727,87.98626217386375,22.7737146325,0.060784579999999824,-8.316878,-0.9906702
2024-05-12 07:45:00,1302.377435090909,126.8146103909091,23.65663873,0.084014334,7,4,6,1057.853693181818,102.84415584295466,23.279086264999997,0.07000617749999984,-2.337951,-1.9853067
2024-05-12 08:00:00,1792.4805194545456,175.37102272727273,24.81898393,0.119262686,8,4,6,1272.8954951227274,124.04717938193194,23.821581979999998,0.08404788624999983,6119.805,596.93823
2024-05-12 08:15:00,2793.7386363636365,274.0238636363636,26.83199067,0.185361369,8,4,6,1705.745738634091,166.74157873420467,24.694388865,0.11260876949999983,-9.1179495,0.11325526
2024-05-12 08:30:00,3157.249188363636,310.28246754090907,26.0544412,0.208225005,8,4,6,2261.461444818182,221.62299107386374,25.340513632500002,0.14921584849999983,4.959992,0.57270217
2024-05-12 08:45:00,4088.270292227273,401.58595779090905,27.96154764,0.272561959,8,4,6,2957.9346591022727,290.3158279238637,26.416740859999997,0.19635275474999983,189.11356,10.256093
2024-05-12 09:00:00,4977.186688318182,488.0086850681818,31.23448687,0.340201678,9,4,6,3754.111201318182,368.475243509091,28.020616595,0.25158750274999986,8240.051,823.918
2024-05-12 09:15:00,5950.844967545455,583.1017857136363,34.5792848,0.406789525,9,4,6,4543.387784113636,445.7447240284092,29.9574401275,0.30694454174999986,5725.6567,564.2912
2024-05-12 09:30:00,5315.465909045454,521.0282467545454,35.00016073,0.35931397,9,4,6,5082.941964284091,498.43116883181824,32.19387001,0.3447167829999998,-13.863402,-1.5398948
2024-05-12 09:45:00,6488.888798681818,635.6509740272727,35.93726407,0.442239113,9,4,6,5683.096590897728,556.9474228909091,34.1877991175,0.38713607149999985,-1.1920464,-1.7230701
2024-05-12 10:00:00,5785.083603909091,566.9148539045455,36.7749714,0.390468903,10,4,6,5885.070819795455,576.6739651,35.572920249999996,0.3997028777499998,7844.3633,776.1348
2024-05-12 10:15:00,7706.587662318182,754.4034902681818,37.78594967,0.50926205,10,4,6,6324.006493488637,619.4993912386365,36.374586467499995,0.42532100899999986,7584.5327,763.8803
2024-05-12 10:30:00,8184.020292272728,800.9502435090909,37.3852784,0.559177707,10,4,6,7041.145089295454,689.4798904272728,36.970865884999995,0.47528694324999987,959.8126,91.488686
2024-05-12 10:45:00,6684.5551947272725,654.71444805,38.33857613,0.442025549,10,4,6,7090.061688306818,694.2457589329547,37.5711939,0.47523355224999986,9206.789,875.02106
2024-05-12 11:00:00,6074.203733772727,595.1574675363637,35.92258564,0.392938047,11,4,6,7162.341720772727,701.3064123409092,37.358097459999996,0.47585083824999985,8562.036,854.93335
2024-05-12 11:15:00,8311.337662318181,813.3492694863636,36.99481373,0.540254227,11,4,6,7313.529220772727,716.0428571454546,37.160313474999995,0.4835988824999998,3188.7478,308.40863
2024-05-12 11:30:00,9940.426948272727,971.6541396454545,40.80645753,0.675304211,11,4,6,7752.630884772727,758.7188311795455,38.0156082575,0.5126305084999999,6967.9136,674.8071
2024-05-12 11:45:00,9324.396915545454,912.0416396136363,43.6014828,0.653620933,11,4,6,8412.591314977273,823.0506290704546,39.331334925,0.5655293544999999,3364.6218,330.64142
2024-05-12 12:00:00,10167.302759545455,993.6200487272727,47.15762107,0.722825541,12,4,6,9435.866071420454,922.6662743681819,42.1400937825,0.6480012279999998,4.2998357,-0.1505878
2024-05-12 12:15:00,7309.616883000001,715.7369318181818,45.5239648,0.507273356,12,4,6,9185.43587659091,898.2631899511365,44.27238155,0.6397560102499998,13.206346,1.412482
2024-05-12 12:30:00,7082.949675272727,693.6318181863636,42.09396553,0.483968907,12,4,6,8471.06655834091,828.7576095863637,44.59425854999999,0.5919221842499999,193.62965,13.786517
2024-05-12 12:45:00,7851.232954499999,768.5413149318182,40.9396688,0.544320384,12,4,6,8102.775568079546,792.8825284159092,43.92880505,0.5645970469999999,-3.031463,-1.6127589
2024-05-12 13:00:00,8043.840909045454,787.3210227272727,42.2459552,0.563254726,13,4,6,7571.9101054545445,741.3077719159091,42.7008885825,0.5247043432499998,4505.851,434.59595
2024-05-12 13:15:00,7828.915584363636,766.3724025909091,42.54781693,0.536697214,13,4,6,7701.734780795454,753.966639609091,41.956851615000005,0.5320603077499999,13792.949,1341.3684
2024-05-12 13:30:00,8328.469967636363,815.0492694772728,42.22754713,0.576459514,13,4,6,8013.114853886364,784.3210024318183,41.990247015,0.5551829594999999,34.538864,2.6373842
2024-05-12 13:45:00,9547.970779227273,933.7699675318182,44.81273314,0.668508574,13,4,6,8437.299310068182,825.6281655818183,42.958513100000005,0.5862300069999998,12.012177,0.49990392
2024-05-12 14:00:00,8751.965909045453,856.2919642863636,45.49466127,0.625759631,14,4,6,8614.330560068182,842.870900971591,43.770689617500004,0.6018562332499998,38.708954,2.3898435
2024-05-12 14:15:00,7365.102272681818,721.1457792227274,43.1335732,0.518040199,14,4,6,8498.377232147726,831.5642451295456,43.917128685,0.5971919794999998,0.28918523,-0.6603279
2024-05-12 14:30:00,6387.504870136364,625.7528409136364,40.83483907,0.446565573,14,4,6,8013.135957772727,784.2401379886365,43.56895167,0.5647184942499999,-13.705245,-1.2768581
2024-05-12 14:45:00,5959.546266227273,583.9663149363637,39.44832773,0.415377507,14,4,6,7116.029829522728,696.7892248397729,42.2278503175,0.5014357274999999,9882.496,972.1382
2024-05-12 15:00:00,5733.100649454545,561.839285709091,38.32697327,0.396464305,15,4,6,6361.313514625001,623.1760551954548,40.4359283175,0.44411189599999984,-8.472838,-1.0900412
2024-05-12 15:15:00,4896.2573052727275,480.12272727272733,36.77107573,0.337830931,15,4,6,5744.102272772728,562.9202922079547,38.84530395,0.3990595789999999,4975.818,495.6261
2024-05-12 15:30:00,5815.599837681818,569.8934253272727,36.6129212,0.399853955,15,4,6,5601.12601465909,548.9554383113639,37.7898244825,0.38738167449999983,1427.879,138.5614
2024-05-12 15:45:00,4585.306818227273,449.94780843636363,36.66382873,0.311843171,15,4,6,5257.566152659091,515.4508116863637,37.0936997325,0.3614980904999998,11549.18,1140.9899
2024-05-12 16:00:00,2883.3798701363635,283.0393668772727,33.39905214,0.197858121,16,4,6,4545.135957829545,445.75083197840917,35.86171945,0.3118465444999998,8.78238,-0.21091628
2024-05-12 16:15:00,2721.1217532727273,266.88652597272727,31.48711953,0.183035517,16,4,6,4001.352069829545,392.4417816534092,34.5407304,0.2731476909999998,-23.361755,0.05110383
2024-05-12 16:30:00,2739.2394481363635,268.6620129909091,31.16656907,0.186726818,16,4,6,3232.261972443182,317.1339285693183,33.179142367500006,0.21986590674999984,144.25589,7.8841248
2024-05-12 16:45:00,2612.911526,256.25056818181815,30.850948,0.181061551,16,4,6,2739.1631493863633,268.70961850568193,31.725922185,0.18717050174999983,588.78625,66.4528
2024-05-12 17:00:00,1924.8985389090908,188.6934253318182,29.970585,0.135746307,17,4,6,2499.542816579545,245.1231331193183,30.8688054,0.17164254824999986,6155.4653,600.71375
2024-05-12 17:15:00,1799.8644480454545,176.41826298636363,28.81902473,0.127315936,17,4,6,2269.228490272727,222.5060673727274,30.201781699999998,0.15771265299999981,2091.2144,198.36803
2024-05-12 17:30:00,2174.341720772727,213.17792208181817,28.93520513,0.158106241,17,4,6,2128.004058431818,208.63504464545466,29.643940715,0.15055750874999985,1840.3821,182.38795
2024-05-12 17:45:00,1562.6834414999998,152.5512987,28.92313247,0.115929252,17,4,6,1865.447037306818,182.71022727500008,29.1619868325,0.13427443399999983,2.2955482,-2.043494
2024-05-12 18:00:00,827.8295454590909,80.33125,27.3688028,0.059640183,18,4,6,1591.1797889443183,155.61968344204556,28.511541282499998,0.11524790299999983,2154.3235,206.35497
2024-05-12 18:15:00,372.09659090909093,35.96274350681818,26.05394893,0.026455484,18,4,6,1234.2378246602273,120.5058035721592,27.8202723325,0.09003278999999983,9077.299,904.29926
2024-05-12 18:30:00,81.06737013045455,7.8224837661818185,24.90223479,0.007743943,18,4,6,710.919236999659,69.1669439932501,26.8120297475,0.052442215499999834,6.8501897,-0.25880885
2024-05-12 18:45:00,0.0,0.0,24.31789753,0.000143387,18,4,6,320.2483766246591,31.02911931825011,25.6607210125,0.023495749249999833,4742.819,472.86923
2024-05-12 19:00:00,0.0,0.0,23.7660442,0.0,19,4,6,113.29099025988637,10.946306818250113,24.7600313625,0.008585703499999833,8269.43,839.9821
2024-05-12 19:15:00,0.0,0.0,23.15259813,0.0,19,4,6,20.266842532613637,1.9556209415455683,24.0346936625,0.0019718324999998334,1305.5521,125.48084
2024-05-12 19:30:00,0.0,0.0,22.36348273,0.0,19,4,6,0.0,0.0,23.4000056475,3.584674999983347e-05,13.161073,-0.42192245
2024-05-12 19:45:00,0.0,0.0,21.81601153,0.0,19,4,6,0.0,0.0,22.7745341475,0.0,20.81015,-0.2384131
2024-05-12 20:00:00,0.0,0.0,21.7585368,0.0,20,4,6,0.0,0.0,22.2726572975,0.0,3572.1392,352.81174
2024-05-12 20:15:00,0.0,0.0,21.59264747,0.0,20,4,6,0.0,0.0,21.8826696325,0.0,4.487534,-2.0848987
2024-05-12 20:30:00,0.0,0.0,21.2763896,0.0,20,4,6,0.0,0.0,21.61089635,0.0,9483.022,925.0124
2024-05-12 20:45:00,0.0,0.0,21.08551029,0.0,20,4,6,0.0,0.0,21.428271040000002,0.0,12148.257,1187.4973
2024-05-12 21:00:00,0.0,0.0,21.0647666,0.0,21,4,6,0.0,0.0,21.25482849,0.0,4394.8477,425.4038
2024-05-12 21:15:00,0.0,0.0,21.05030713,0.0,21,4,6,0.0,0.0,21.119243405,0.0,4.778229,-0.757262
2024-05-12 21:30:00,0.0,0.0,20.9415284,0.0,21,4,6,0.0,0.0,21.035528104999997,0.0,1668.856,168.191
2024-05-12 21:45:00,0.0,0.0,20.91760267,0.0,21,4,6,0.0,0.0,20.9935512,0.0,3439.925,324.34677
2024-05-12 22:00:00,0.0,0.0,20.94225467,0.0,22,4,6,0.0,0.0,20.9629232175,0.0,7965.2725,778.70184
2024-05-12 22:15:00,0.0,0.0,20.97507933,0.0,22,4,6,0.0,0.0,20.9441162675,0.0,-11.023894,-0.9238279
2024-05-12 22:30:00,0.0,0.0,21.1653016,0.0,22,4,6,0.0,0.0,21.0000595675,0.0,21.72612,1.0185313
2024-05-12 22:45:00,0.0,0.0,21.0623922,0.0,22,4,6,0.0,0.0,21.036256950000002,0.0,10361.557,1022.48444
2024-05-12 23:00:00,0.0,0.0,20.695809,0.0,23,4,6,0.0,0.0,20.974645532500002,0.0,4.556397,-0.48406577
2024-05-12 23:15:00,0.0,0.0,20.52727629,0.0,23,4,6,0.0,0.0,20.8626947725,0.0,32.522736,2.4402225
2024-05-12 23:30:00,0.0,0.0,19.8951722,0.0,23,4,6,0.0,0.0,20.5451624225,0.0,12950.545,1260.4001
2024-05-12 23:45:00,0.0,0.0,19.3403564,0.0,23,4,6,0.0,0.0,20.114653472500002,0.0,-8.369979,-2.625644
2024-05-13 00:00:00,0.0,0.0,19.35752973,0.0,0,5,6,0.0,0.0,19.780083655000002,0.0,21.26175,0.011706591
2024-05-13 00:15:00,0.0,0.0,19.50408127,0.0,0,5,6,0.0,0.0,19.5242849,0.0,0.4843909,-0.6747844
2024-05-13 00:30:00,0.0,0.0,19.5628032,0.0,0,5,6,0.0,0.0,19.441192649999998,0.0,6880.817,693.47614
2024-05-13 00:45:00,0.0,0.0,19.55918187,0.0,0,5,6,0.0,0.0,19.4958990175,0.0,-2.0698998,-0.6632416
2024-05-13 01:00:00,0.0,0.0,19.7870584,0.0,1,5,6,0.0,0.0,19.603281185,0.0,1.1600959,-0.96406364
2024-05-13 01:15:00,0.0,0.0,19.66843067,0.0,1,5,6,0.0,0.0,19.644368535,0.0,9500.723,933.5532
2024-05-13 01:30:00,0.0,0.0,19.5284648,0.0,1,5,6,0.0,0.0,19.635783935,0.0,32.393127,-0.9380822
2024-05-13 01:45:00,0.0,0.0,19.50819379,0.0,1,5,6,0.0,0.0,19.623036915,0.0,-11.078338,-0.80883694
2024-05-13 02:00:00,0.0,0.0,19.92245273,0.0,2,5,6,0.0,0.0,19.6568854975,0.0,-3.4060357,-1.9549925
2024-05-13 02:15:00,0.0,0.0,19.62547407,0.0,2,5,6,0.0,0.0,19.6461463475,0.0,233.65608,24.680025
2024-05-13 02:30:00,0.0,0.0,19.722699,0.0,2,5,6,0.0,0.0,19.6947048975,0.0,17.047592,0.69116426
2024-05-13 02:45:00,0.0,0.0,19.78051553,0.0,2,5,6,0.0,0.0,19.7627853325,0.0,7189.5513,715.80975
2024-05-13 03:00:00,0.0,0.0,19.9007874,0.0,3,5,6,0.0,0.0,19.757368999999997,0.0,7136.2646,712.7207
2024-05-13 03:15:00,0.0,0.0,19.8409138,0.0,3,5,6,0.0,0.0,19.8112289325,0.0,1045.6702,99.3811
2024-05-13 03:30:00,0.0,0.0,19.84512727,0.0,3,5,6,0.0,0.0,19.841836,0.0,7703.761,756.45605
2024-05-13 03:45:00,0.0,0.0,19.8883016,0.0,3,5,6,0.0,0.0,19.868782517499998,0.0,142.44916,8.383303
2024-05-13 04:00:00,0.0,0.0,19.80174036,0.0,4,5,6,0.0,0.0,19.844020757499997,0.0,11153.473,1099.1678
2024-05-13 04:15:00,0.0,0.0,19.7502948,0.0,4,5,6,0.0,0.0,19.8213660075,0.0,1550.9635,149.54361
2024-05-13 04:30:00,0.0,0.0,19.72627573,0.0,4,5,6,0.0,0.0,19.7916531225,0.0,2190.0022,209.87067
2024-05-13 04:45:00,0.0,0.0,19.61346227,0.0,4,5,6,0.0,0.0,19.72294329,0.0,7.7960057,-1.7307656
2024-05-13 05:00:00,0.0,0.0,19.48709113,0.0,5,5,6,0.0,0.0,19.6442809825,0.0,4020.4475,394.27786
2024-05-13 05:15:00,0.0,0.0,19.3644714,0.0,5,5,6,0.0,0.0,19.547825132499998,0.0,2140.7388,212.70782
2024-05-13 05:30:00,0.0,0.0,19.00236393,0.0,5,5,6,0.0,0.0,19.3668471825,0.0,8.663316,-0.19009042
2024-05-13 05:45:00,0.0,0.0,18.52636313,0.000151538,5,5,6,0.0,0.0,19.0950723975,3.7884499999833466e-05,8123.782,803.51636
2024-05-13 06:00:00,93.62987012954545,9.039285714272728,18.49177971,0.008356612,6,5,6,23.407467532386363,2.2598214285682956,18.846244542500003,0.0021270374999998332,4.1111913,-1.3017635
2024-05-13 06:15:00,361.3944805181818,34.92573051954545,18.72892853,0.026603634,6,5,6,113.75608766193182,10.99125405845466,18.687358825,0.008777945999999833,3398.701,318.23114
2024-05-13 06:30:00,595.8222402636364,57.67564935136363,19.30752747,0.043715227,6,5,6,262.71164772784095,25.410166396295566,18.763649710000003,0.019706752749999834,2.7215126,-0.057263136
2024-05-13 06:45:00,1081.0016233681818,105.07508116590908,20.3191406,0.074973558,6,5,6,532.9620535698864,51.67893668777284,19.2118440775,0.03841225774999983,13323.121,1285.5728
2024-05-13 07:00:00,1793.2362012727274,175.53019480454546,22.733018,0.161645104,7,5,6,957.8636363556818,93.30166396034102,20.27215365,0.07673438074999983,12193.917,1188.9982
2024-05-13 07:15:00,2635.566558409091,258.5040584454545,26.27362467,0.226129918,7,5,6,1526.4066558284092,149.1962459418183,22.158327685,0.12661595174999984,1.6763618,-0.4219327
2024-05-13 07:30:00,3365.2621753181816,330.70844155454546,29.70549313,0.27848515,7,5,6,2218.7666395920455,217.45444399261373,24.7578191,0.18530843249999984,2186.429,216.91002
2024-05-13 07:45:00,4283.367694818182,420.6401785636363,32.6289328,0.341202311,7,5,6,3019.3581574545456,296.34571834204553,27.83526715,0.25186562074999985,6201.277,610.5239
2024-05-13 08:00:00,5205.886363590909,510.3299512954545,35.47181187,0.404341843,8,5,6,3872.520698034091,380.04565746477283,31.019965617500002,0.3125398054999998,41.2041,2.4143908
2024-05-13 08:15:00,6262.028409181818,613.5013798727273,37.9038915,0.478033692,8,5,6,4779.136160727273,468.794987821591,33.927532325,0.37551574899999984,5.188599,-0.9354384
2024-05-13 08:30:00,6890.319805136363,674.8340097454546,39.9150432,0.513897383,8,5,6,5660.400568181818,554.8263798693183,36.479919842499996,0.4343688072499998,1408.2251,140.15244
2024-05-13 08:45:00,7423.7402598181825,726.8229707772726,41.55750153,0.520508288,8,5,6,6445.493709431818,631.3720779227274,38.712062025,0.4791953014999999,-5.971191,0.91751933
2024-05-13 09:00:00,7920.570616863636,775.2099025909091,43.22846253,0.589990849,9,5,6,7124.164772749999,697.5920657465911,40.65122469,0.5256075529999998,8.759431,0.20004058
2024-05-13 09:15:00,8387.219967590909,820.4379870181818,43.06868493,0.598041235,9,5,6,7655.462662352273,749.3262175329546,41.9424230475,0.5556094387499999,2728.3215,262.62854
2024-05-13 09:30:00,8082.737824636363,790.7288961136364,44.3578572,0.617208419,9,5,6,7953.567167227273,778.299939125,43.0531265475,0.5814371977499998,27.804993,0.54572415
2024-05-13 09:45:00,8705.99756509091,851.2034902954546,45.463765,0.670632282,9,5,6,8274.131493545454,809.3950690045456,44.029692415,0.6189681962499999,-0.8172448,-0.44728136
2024-05-13 10:00:00,8950.840908681817,874.5278408863636,46.44821567,0.615253813,10,5,6,8531.6990665,834.2245535784092,44.834630700000005,0.6252839372499999,44.77655,0.8246088
2024-05-13 10:15:00,10317.915584227272,1007.4842532181818,45.92864793,0.757759967,10,5,6,9014.372970659091,880.9861201284093,45.54962145,0.6652136202499999,-12.949447,-1.7315652
2024-05-13 10:30:00,11579.60308409091,1129.8960227272728,50.452891,0.864056662,10,5,6,9888.589285522727,965.7779017818184,47.073379900000006,0.7269256809999999,-1.3740685,-1.8922098
2024-05-13 10:45:00,10903.657467181818,1063.9804382863638,50.498668,0.740381639,10,5,6,10438.004261045455,1018.9721387795457,48.332105649999995,0.7443630202499999,13.931336,-0.34479594
2024-05-13 11:00:00,11023.630682045456,1075.8103895863637,49.59524293,0.816752857,11,5,6,10956.201704386365,1069.2927759545457,49.118862465,0.7947377812499998,49.373276,2.681974
2024-05-13 11:15:00,12767.30438318182,1244.9300325000002,52.5881082,0.962269153,11,5,6,11568.548904125,1128.6542207750003,50.7837275325,0.8458650777499997,2534.757,259.5755
2024-05-13 11:30:00,12500.017045909091,1219.0226461363636,53.95309447,0.855400107,11,5,6,11798.652394579547,1150.935876627273,51.6587784,0.8437009389999999,3269.5403,322.6734
2024-05-13 11:45:00,12724.567370181818,1240.9263798818183,54.93033233,1.016687181,11,5,6,12253.879870329545,1195.1723620261364,52.7666944825,0.9127773244999999,9880.138,966.38385
2024-05-13 12:00:00,12978.754869545455,1265.6053570909091,54.57635513,0.958227769,12,5,6,12742.660917204546,1242.621103902273,54.011972532499996,0.9481460524999998,7603.3657,727.13824
2024-05-13 12:15:00,10889.616071045455,1063.1839285772728,53.62572207,0.889302227,12,5,6,12273.238839170454,1197.184577921591,54.271376000000004,0.9299043209999998,-3.1777794,-0.8825362
2024-05-13 12:30:00,11848.181006363637,1156.2242695,51.5198242,0.880571393,12,5,6,12110.27982928409,1181.4849837625002,53.6630584325,0.9361971424999997,10.717225,1.2612965
2024-05-13 12:45:00,12250.544642272727,1195.0725649545454,51.7647218,0.906848205,12,5,6,11991.77414730682,1170.021530030682,52.8716558,0.9087373984999998,7193.1816,686.10156
2024-05-13 13:00:00,9815.634740272728,958.3615259727273,52.9624858,0.725001628,13,5,6,11200.994114988636,1093.2105722511365,52.4681884675,0.8504308632499997,2.4472663,-1.7659805
2024-05-13 13:15:00,8890.97077931818,868.8907467590908,40.1983338,0.600217183,13,5,6,10701.332792056819,1044.637276796591,49.1113414,0.7781596022499998,3999.3013,396.28928
2024-05-13 13:30:00,7753.655032454545,758.9996753272727,43.26149879,0.537232596,13,5,6,9677.701298579546,945.3311282534091,47.0467600475,0.6923249029999998,4667.611,451.06128
2024-05-13 13:45:00,8369.063311727274,818.6502434954546,39.2412842,0.597535766,13,5,6,8707.330965943182,851.2255478886364,43.915900647499996,0.6149967932499998,442.00146,42.371597
2024-05-13 14:00:00,12222.377435454546,1192.4967532272728,44.26729333,0.897914721,14,5,6,9309.016639738637,909.7593547022728,41.74210253,0.6582250664999998,6450.772,636.4827
2024-05-13 14:15:00,11154.703733636365,1088.9216720272727,48.23101813,0.812712094,14,5,6,9874.949878318183,964.7670860193184,43.750273612499996,0.7113487942499999,-7.13829,-2.6615837
2024-05-13 14:30:00,8773.315746727272,857.8277597454545,46.43292827,0.626952293,14,5,6,10129.865056886363,989.4741071238639,44.5431309825,0.7337787184999999,12318.185,1208.2075
2024-05-13 14:45:00,10545.22646109091,1030.5607955045455,46.3600118,0.765565165,14,5,6,10673.905844227273,1042.4517451261365,46.3228128825,0.7757860682499997,6309.058,633.74176
2024-05-13 15:00:00,10378.453733954546,1014.4491882409092,47.94728993,0.733719773,15,5,6,10212.924918852274,997.9398538795456,47.2428120325,0.7347373312499998,7.577393,-0.2211783
2024-05-13 15:15:00,9926.899350818181,970.3850648863637,46.80665107,0.747882471,15,5,6,9905.973823147728,968.3057020943183,46.8867202675,0.7185299254999998,8.657914,-1.1658545
2024-05-13 15:30:00,7605.005681863637,744.1074675318182,46.23971173,0.566993495,15,5,6,9613.896306931818,939.8756290409092,46.8384161325,0.7035402259999999,1.2648933,-2.1607912
2024-05-13 15:45:00,5793.828733818182,567.7925324727273,40.54638879,0.403725026,15,5,6,8426.046875113636,824.1835632829548,45.38501038,0.6130801912499998,35.389084,1.4033751
2024-05-13 16:00:00,6748.458603863636,660.9325487045454,40.345416,0.459502957,16,5,6,7518.54809259091,735.8044033988638,43.484541897499994,0.5445259872499998,8.890977,-0.23711562
2024-05-13 16:15:00,2976.2500000454547,292.09569805,37.92264587,0.219918863,16,5,6,5780.885754897727,566.2320616897729,41.2635405975,0.4125350852499998,1069.4392,106.07484
2024-05-13 16:30:00,3749.236201363636,368.1324675318182,33.4028954,0.253673633,16,5,6,4816.943384772727,472.23831168977284,38.054336514999996,0.33420511974999983,18.165436,0.70007396
2024-05-13 16:45:00,2097.632305181818,205.52215908181816,32.085793,0.149201832,16,5,6,3892.8942776136364,381.6707183420456,35.9391875675,0.2705743212499998,3786.1125,358.64435
2024-05-13 17:00:00,1641.586039,160.6070616909091,29.8108662,0.114597923,17,5,6,2616.176136397727,256.5893465886365,33.3055501175,0.18434806274999982,10692.789,1052.6997
2024-05-13 17:15:00,1770.968344181818,173.56404221363638,29.18637687,0.12540853,17,5,6,2314.8557224318183,226.95643262954556,31.1214828675,0.16072047949999985,3989.5784,410.77386
2024-05-13 17:30:00,1240.8238636818182,120.95438311818181,28.44586787,0.088871337,17,5,6,1687.7526380113636,165.16191152613646,29.882225984999998,0.11951990549999983,41.12825,2.2459242
2024-05-13 17:45:00,942.6728896090909,91.553165585,27.23193773,0.069494176,17,5,6,1399.012784118182,136.66966315193196,28.6687621675,0.09959299149999983,8896.188,876.3287
2024-05-13 18:00:00,596.3409090909091,57.72629870181818,26.38234157,0.045962771,18,5,6,1137.701501640909,110.9494724046592,27.811631010000003,0.08243420349999983,-14.255706,-1.5244868
2024-05-13 18:15:00,287.02840909545455,27.726217531363638,25.28525993,0.022436807,18,5,6,766.7165178693182,74.49001623409103,26.836351775,0.056691272749999834,-8.241912,-2.1130586
2024-05-13 18:30:00,69.1014610390909,6.668181818227273,23.99075733,0.007280472,18,5,6,473.78591720863636,45.91846590910238,25.72257414,0.03629355649999984,8282.582,820.1494
2024-05-13 18:45:00,0.0,0.0,22.6416768,0.000125037,18,5,6,238.11769480636366,23.030174512852387,24.5750089075,0.018951271749999832,7.873444,-0.113075495
2024-05-13 19:00:00,0.0,0.0,21.8455302,0.0,19,5,6,89.03246753363636,8.598599837397842,23.440806064999997,0.007460578999999834,8.692887,-1.1140862
2024-05-13 19:15:00,0.0,0.0,21.9482544,0.0,19,5,6,17.275365259772727,1.667045454556932,22.6065546825,0.0018513772499998333,1.6812599,-0.5904329
2024-05-13 19:30:00,0.0,0.0,22.25189827,0.0,19,5,6,0.0,0.0,22.1718399175,3.1259249999833464e-05,-16.942474,-0.32115912
2024-05-13 19:45:00,0.0,0.0,22.22439373,0.0,19,5,6,0.0,0.0,22.067519150000003,0.0,8266.395,821.01776
2024-05-13 20:00:00,0.0,0.0,21.9795776,0.0,20,5,6,0.0,0.0,22.101031,0.0,10560.672,1030.379
2024-05-13 20:15:00,0.0,0.0,22.21554786,0.0,20,5,6,0.0,0.0,22.167854365,0.0,6582.4556,640.8149
2024-05-13 20:30:00,0.0,0.0,22.67579747,0.0,20,5,6,0.0,0.0,22.273829165,0.0,257.7266,22.424246
2024-05-13 20:45:00,0.0,0.0,22.0222046,0.0,20,5,6,0.0,0.0,22.223281882499997,0.0,621.73914,52.72815
2024-05-13 21:00:00,0.0,0.0,21.3150636,0.0,21,5,6,0.0,0.0,22.057153382499997,0.0,16.451431,-0.13562417
2024-05-13 21:15:00,0.0,0.0,21.00614627,0.0,21,5,6,0.0,0.0,21.754802984999998,0.0,-9.864333,-1.1319683
2024-05-13 21:30:00,0.0,0.0,20.6070172,0.0,21,5,6,0.0,0.0,21.2376079175,0.0,9.872193,-0.53099227
2024-05-13 21:45:00,0.0,0.0,20.56525273,0.0,21,5,6,0.0,0.0,20.87336995,0.0,8746.625,855.8124
2024-05-13 22:00:00,0.0,0.0,20.3067446,0.0,22,5,6,0.0,0.0,20.621290199999997,0.0,3712.794,355.06287
2024-05-13 22:15:00,0.0,0.0,20.2055216,0.0,22,5,6,0.0,0.0,20.4211340325,0.0,10592.191,1021.63715
2024-05-13 22:30:00,0.0,0.0,20.01390279,0.0,22,5,6,0.0,0.0,20.27285543,0.0,5355.9795,507.42316
2024-05-13 22:45:00,0.0,0.0,19.82663193,0.0,22,5,6,0.0,0.0,20.08820023,0.0,27.932846,1.2083256
2024-05-13 23:00:00,0.0,0.0,19.82836733,0.0,23,5,6,0.0,0.0,19.9686059125,0.0,17.79779,1.4077611
2024-05-13 23:15:00,0.0,0.0,20.33083893,0.0,23,5,6,0.0,0.0,19.999935245,0.0,8792.785,882.8543
2024-05-13 23:30:00,0.0,0.0,20.01246533,0.0,23,5,6,0.0,0.0,19.999575880000002,0.0,11107.945,1104.2399
2024-05-13 23:45:00,0.0,0.0,20.45921213,0.0,23,5,6,0.0,0.0,20.15772093,0.0,394.3592,37.861065
2024-05-14 00:00:00,0.0,0.0,21.2856466,0.0,0,6,6,0.0,0.0,20.5220407475,0.0,11114.057,1095.3925
2024-05-14 00:15:00,0.0,0.0,20.81249993,0.0,0,6,6,0.0,0.0,20.6424559975,0.0,8.52768,-1.1007195
2024-05-14 00:30:00,0.0,0.0,20.8414306,0.0,0,6,6,0.0,0.0,20.849697315,0.0,8884.357,892.92145
2024-05-14 00:45:00,0.0,0.0,20.77917907,0.0,0,6,6,0.0,0.0,20.92968905,0.0,12.575288,1.1106546
2024-05-14 01:00:00,0.0,0.0,20.41658947,0.0,1,6,6,0.0,0.0,20.7124247675,0.0,4663.1484,449.28635
2024-05-14 01:15:00,0.0,0.0,20.45705973,0.0,1,6,6,0.0,0.0,20.6235647175,0.0,17.807465,-0.97927594
2024-05-14 01:30:00,0.0,0.0,21.25759887,0.0,1,6,6,0.0,0.0,20.727606785,0.0,14.367112,0.5452769
2024-05-14 01:45:00,0.0,0.0,21.71563527,0.0,1,6,6,0.0,0.0,20.961720835,0.0,-1.9780571,-0.68521667
2024-05-14 02:00:00,0.0,0.0,21.8035766,0.0,2,6,6,0.0,0.0,21.3084676175,0.0,-0.6055444,-0.6838238
2024-05-14 02:15:00,0.0,0.0,21.76578367,0.0,2,6,6,0.0,0.0,21.6356486025,0.0,4769.874,477.24646
2024-05-14 02:30:00,0.0,0.0,21.0542604,0.0,2,6,6,0.0,0.0,21.584813985000004,0.0,2496.422,241.50838
2024-05-14 02:45:00,0.0,0.0,20.7593812,0.0,2,6,6,0.0,0.0,21.3457504675,0.0,131.41318,9.565967
2024-05-14 03:00:00,0.0,0.0,20.91253007,0.0,3,6,6,0.0,0.0,21.122988835,0.0,45.655563,0.15611434
2024-05-14 03:15:00,0.0,0.0,20.3701516,0.0,3,6,6,0.0,0.0,20.7740808175,0.0,7185.8545,713.81
2024-05-14 03:30:00,0.0,0.0,20.17767333,0.0,3,6,6,0.0,0.0,20.55493405,0.0,13.942353,0.86153746
2024-05-14 03:45:00,0.0,0.0,20.32405593,0.0,3,6,6,0.0,0.0,20.4461027325,0.0,27.89119,1.5661912
2024-05-14 04:00:00,0.0,0.0,20.6231182,0.0,4,6,6,0.0,0.0,20.373749765,0.0,5367.564,536.37177
2024-05-14 04:15:00,0.0,0.0,20.59181113,0.0,4,6,6,0.0,0.0,20.4291646475,0.0,-1.089309,-1.4848468
2024-05-14 04:30:00,0.0,0.0,20.38193567,0.0,4,6,6,0.0,0.0,20.4802302325,0.0,21.080322,0.7712457
2024-05-14 04:45:00,0.0,0.0,20.3564596,0.0,4,6,6,0.0,0.0,20.48833115,0.0,11808.163,1163.9553
2024-05-14 05:00:00,0.0,0.0,20.9068522,0.0,5,6,6,0.0,0.0,20.55926465,0.0,10666.21,1044.6108
2024-05-14 05:15:00,0.0,0.0,21.31845314,0.0,5,6,6,0.0,0.0,20.7409251525,0.0,9.413453,-0.47507787
2024-05-14 05:30:00,0.0,0.0,21.16826787,0.0,5,6,6,0.0,0.0,20.9375082025,0.0,-30.316055,-2.0027459
2024-05-14 05:45:00,0.0,0.0,21.45073867,0.000507894,5,6,6,0.0,0.0,21.211077969999998,0.00012697349999983348,2188.4443,219.43192
2024-05-14 06:00:00,48.46185065,4.67662337659091,21.5976542,0.007115192,6,6,6,12.1154626625,1.1691558441478411,21.38377847,0.0019057714999998335,8601.401,840.7694
2024-05-14 06:15:00,320.7150974045455,30.990990259545455,21.94776,0.024171929,6,6,6,92.29423701363638,8.916903409034205,21.541105185000003,0.007948753749999834,-29.555527,-1.0200665
2024-05-14 06:30:00,664.2556818181819,64.35016233818182,22.65884607,0.048766914,6,6,6,258.35815746818184,25.00444399357966,21.913749735,0.020140482249999835,19.17656,-0.87026
2024-05-14 06:45:00,1080.7215908636363,105.04310064545456,23.98563853,0.077026814,6,6,6,528.5385551840909,51.265219154943296,22.5474747,0.03927021224999984,27.27127,-0.53145623
2024-05-14 07:00:00,1966.6314935,192.66063312272726,25.60406513,0.147182287,7,6,6,1008.0809658965909,98.2612215914774,23.5490774325,0.07428698599999983,325.68512,22.748352
2024-05-14 07:15:00,3200.943181772727,314.45689935454544,28.07481887,0.225521745,7,6,6,1728.1379869886364,169.1276988652274,25.08084215,0.12462443999999982,-15.526977,-0.22559667
2024-05-14 07:30:00,3200.0308441818183,314.35340909090905,28.0358926,0.219639289,7,6,6,2362.0817775795454,231.6285105534092,26.4251037825,0.16734253374999983,2.0590827,-0.4041195
2024-05-14 07:45:00,4294.382305227273,421.5907467545454,30.26363479,0.307223917,7,6,6,3165.4969561704543,310.7654220806819,27.994602847499998,0.22489180949999982,404.33475,39.01014
2024-05-14 08:00:00,4226.149350636363,415.07987013181815,31.63181367,0.298065064,8,6,6,3730.376420454545,366.37023133295463,29.5015399825,0.26261250374999984,14.834336,-0.33425975
2024-05-14 08:15:00,3575.1850649090907,351.23262986363636,28.38460693,0.244737853,8,6,6,3823.9368912386362,375.5641639602274,29.5789869975,0.2674165307499998,3752.0747,356.36923
2024-05-14 08:30:00,4850.375811727273,487.1603896045454,29.70283093,0.335354769,8,6,6,4236.523133125,418.7659090886365,29.99572158,0.2963454007499998,-8.386626,-0.60888505
2024-05-14 08:45:00,5413.500811636364,530.6702922045455,33.0580506,0.381970239,8,6,6,4516.302759727272,446.03579545113644,30.694325532500002,0.3150319812499998,6969.7344,697.15045
2024-05-14 09:00:00,6029.879058454546,590.8113636318182,35.5528282,0.427834317,9,6,6,4967.235186681819,489.9686688261365,31.674579164999997,0.34747429449999984,7611.071,755.77454
2024-05-14 09:15:00,8115.070616863636,794.2449675272727,38.5421514,0.566432457,9,6,6,6102.206574670455,600.7217532420456,34.2139652825,0.4278979454999998,125.071365,7.502199
2024-05-14 09:30:00,8034.832792227273,786.4435064954545,41.24847207,0.557408393,9,6,6,6898.3208197954555,675.5425324647729,37.1003755675,0.4834113514999998,6122.3916,597.9902
2024-05-14 09:45:00,8214.9310065,803.9576298636365,42.4683164,0.572287247,9,6,6,7598.678368511363,743.8643668795455,39.4529420175,0.5309906034999998,-8.024718,-1.1508358
2024-05-14 10:00:00,8478.523538954545,829.6119318136364,43.27517914,0.585635682,10,6,6,8210.839488636364,803.5645089250002,41.3835297525,0.5704409447499998,16.65599,0.5001676
2024-05-14 10:15:00,7756.672077954546,759.3202110454546,40.98323173,0.528923623,10,6,6,8121.239853909091,794.8333198045456,41.993799835,0.5610637362499998,7445.5264,716.6326
2024-05-14 10:30:00,10582.426947772728,1033.7416396136364,38.9274884,0.719525223,10,6,6,8758.138392795456,856.657853084091,41.4135539175,0.6015929437499998,795.26,77.69424
2024-05-14 10:45:00,11413.078733636365,1114.4287337727274,42.528473,0.833045095,10,6,6,9557.675324579546,934.2756290613638,41.4285930675,0.6667824057499998,3.2207038,-0.6690223
2024-05-14 11:00:00,9106.451298818181,889.9112012999999,47.27521347,0.640661323,11,6,6,9714.657264545454,949.3504464329546,42.42860165,0.6805388159999998,15.164872,-0.36452293
2024-05-14 11:15:00,8650.249188454545,845.7551136363636,43.94926387,0.650213567,11,6,6,9938.051542170455,970.9591720806819,43.170109685,0.7108613019999999,10945.066,1094.8407
2024-05-14 11:30:00,8784.5040585,858.8445616954546,46.03145753,0.662152371,11,6,6,9488.570819852273,927.2349026011365,44.9461019675,0.6965180889999999,1542.3337,139.78981
2024-05-14 11:45:00,5758.05844159091,563.8968344181818,38.48648913,0.426234573,11,6,6,8074.815746840909,789.6019277625,43.93560599999999,0.5948154584999998,3123.6853,309.9569
2024-05-14 12:00:00,6755.356331136363,661.4086850681819,37.81592471,0.492023597,12,6,6,7487.042004920455,732.4762987045456,41.57078381,0.5576560269999998,82.64653,3.082742
2024-05-14 12:15:00,6462.509740227272,632.8625000045454,36.6068582,0.472764668,12,6,6,6940.107142863637,679.253145296591,39.73518239249999,0.5132938022499999,11.461106,0.63232684
2024-05-14 12:30:00,6315.225649318181,618.4902597454546,35.61483133,0.454945416,12,6,6,6322.787540568181,619.1645698090911,37.1310258425,0.4614920634999998,4290.848,419.33633
2024-05-14 12:45:00,7151.731331227274,700.0752435090909,37.15700087,0.519268844,12,6,6,6671.205762977273,653.2091720818183,36.7986537775,0.48475063124999984,9567.393,931.69434
2024-05-14 13:00:00,7955.922077909091,778.4044642818182,34.78068233,0.576180339,13,6,6,6971.347199670454,682.4581168852274,36.0398431825,0.5057898167499998,12678.559,1235.3662
2024-05-14 13:15:00,9894.550325,966.3091720909091,42.36429433,0.734368802,13,6,6,7829.3573458636365,765.8197849068183,37.479202215,0.5711908502499998,-30.939636,-1.3803029
2024-05-14 13:30:00,9383.164772863636,917.1741883045455,45.9655842,0.727763513,13,6,6,8596.342126750002,840.490767046591,40.0668904325,0.6393953744999998,10.741395,0.3885944
2024-05-14 13:45:00,10750.005681818182,1049.3838474090908,47.9602314,0.906614901,13,6,6,9495.910714397727,927.817918021591,42.767698065000005,0.7362318887499998,349.15683,37.603603
2024-05-14 14:00:00,13004.685065,1267.9563311363636,59.38607933,1.221651847,14,6,6,10758.101461170456,1050.2058847352273,48.919047315,0.8975997657499998,0.49937505,0.065927744
2024-05-14 14:15:00,11076.258929090909,1081.0198052272726,58.59664693,0.91048926,14,6,6,11053.528612193182,1078.8835430193183,52.977135465,0.9416298802499997,8.432267,-0.9257004
2024-05-14 14:30:00,7907.022727227272,773.6200487045454,49.44427713,0.563918455,14,6,6,10684.493100784091,1042.9950081193183,53.846808697499995,0.9006686157499998,1504.2141,162.3837
2024-05-14 14:45:00,6437.551136363636,630.6330357090909,42.90284833,0.449793399,14,6,6,9606.379464420455,938.3073051943182,52.58246293,0.7864632402499999,11945.23,1177.6584
2024-05-14 15:00:00,8598.16639618182,840.9553571363635,41.82487593,0.586938963,15,6,6,8504.749797215909,831.5570616943182,48.192162079999996,0.6277850192499999,1769.5067,174.99242
2024-05-14 15:15:00,9946.251623909091,971.5331168818182,47.9417664,0.709479519,15,6,6,8222.247970920454,804.1853896079547,45.5284419475,0.5775325839999998,876.3004,82.88523
2024-05-14 15:30:00,6632.367694818182,649.6116883045455,43.6625044,0.460261083,15,6,6,7903.584212818182,773.1832995079546,44.082998765,0.5516182409999999,-5.7234797,-2.1344724
2024-05-14 15:45:00,5881.853896045454,576.3689935090908,38.89504787,0.408227119,15,6,6,7764.659902738636,759.6172889579547,43.08104865,0.5412266709999999,-3.1433556,-1.3893764
2024-05-14 16:00:00,5813.898538954545,569.7278409136363,38.23485307,0.400864035,16,6,6,7068.592938431818,691.8104099022728,42.183542935,0.4947079389999998,138.7128,8.60997
2024-05-14 16:15:00,4134.396915590909,406.0103896181818,35.90520227,0.285362319,16,6,6,5615.629261352273,550.4297280863638,39.174401902499994,0.3886786389999998,-1.9493401,-0.1022501
2024-05-14 16:30:00,2868.3084415,281.58871752727276,32.75771036,0.199225857,16,6,6,4674.614448022727,458.42398539204555,36.4482033925,0.32341983249999984,21.519363,-1.5395579
2024-05-14 16:45:00,2195.8125,215.28506493636363,30.35878713,0.154466658,16,6,6,3753.104099011364,368.1530032488638,34.314138207499994,0.2599797172499998,261.2116,21.90262
2024-05-14 17:00:00,1762.2922077727271,172.70844155909091,29.14684447,0.123593283,17,6,6,2740.202516215909,268.8981534102274,32.0421360575,0.19066202924999984,3.6909492,0.3388765
2024-05-14 17:15:00,1663.9074675909092,162.98977272272725,28.6533284,0.112195311,17,6,6,2122.580154215909,208.14299918636377,30.22916759,0.14737027724999985,20.668686,-1.546514
2024-05-14 17:30:00,1019.6582792136363,99.14099026,27.9960368,0.071277712,17,6,6,1660.4176136443182,162.53106736954555,29.0387492,0.11538324099999983,6142.486,603.5346
2024-05-14 17:45:00,577.6233766272727,55.898782466818176,26.63404133,0.04289799,17,6,6,1255.870332801136,122.6844967521592,28.10756275,0.08749107399999982,7521.5737,751.0969
2024-05-14 18:00:00,390.9261363636364,37.78116883136364,25.30308847,0.029767132,18,6,6,913.0288149488637,88.95267857022738,27.14662375,0.06403453624999983,40.427185,1.8918061
2024-05-14 18:15:00,250.13961038181816,24.15470779227273,24.7232728,0.019033676,18,6,6,559.5868506465908,54.24391233761375,26.16410985,0.040744127499999824,6126.854,576.4393
2024-05-14 18:30:00,63.22727272727273,6.096428571409091,24.51471333,0.006754336,18,6,6,320.479099025,30.98277191546602,25.2937789825,0.024613283499999833,14.105775,0.57307506
2024-05-14 18:45:00,0.0,0.0,24.072802,0.000455513,18,6,6,176.0732548681818,17.008076298761477,24.65346915,0.014002664249999833,2948.197,285.7132
2024-05-14 19:00:00,0.0,0.0,23.56421707,0.0,19,6,6,78.34172077727273,7.5627840909205695,24.2187513,0.0065608812499998335,10.4068,0.5674689
2024-05-14 19:15:00,0.0,0.0,23.09203073,0.0,19,6,6,15.806818181818182,1.5241071428523865,23.8109407825,0.0018024622499998335,8877.215,881.5656
2024-05-14 19:30:00,0.0,0.0,22.77137247,0.0,19,6,6,0.0,0.0,23.3751055675,0.00011387824999983347,10.480332,-2.3819811
2024-05-14 19:45:00,0.0,0.0,22.75774547,0.0,19,6,6,0.0,0.0,23.046341435,0.0,5.441056,0.9192436
2024-05-14 20:00:00,0.0,0.0,22.66186727,0.0,20,6,6,0.0,0.0,22.820753985,0.0,3626.6462,359.5515
2024-05-14 20:15:00,0.0,0.0,22.53114847,0.0,20,6,6,0.0,0.0,22.68053342,0.0,24.693604,1.4584281
2024-05-14 20:30:00,0.0,0.0,22.4192994,0.0,20,6,6,0.0,0.0,22.5925151525,0.0,-6.2710414,-2.4796665
2024-05-14 20:45:00,0.0,0.0,22.6065692,0.0,20,6,6,0.0,0.0,22.554721085,0.0,-3.0857537,-0.594877
2024-05-14 21:00:00,0.0,0.0,23.1115265,0.0,21,6,6,0.0,0.0,22.6671358925,0.0,2066.3936,196.5423
2024-05-14 21:15:00,0.0,0.0,23.28594153,0.0,21,6,6,0.0,0.0,22.8558341575,0.0,-15.926101,-1.7472274
2024-05-14 21:30:00,0.0,0.0,22.98414293,0.0,21,6,6,0.0,0.0,22.99704504,0.0,11000.127,1071.1766
2024-05-14 21:45:00,0.0,0.0,22.35220547,0.0,21,6,6,0.0,0.0,22.9334541075,0.0,-15.370269,-1.2462075
2024-05-14 22:00:00,0.0,0.0,21.9989258,0.0,22,6,6,0.0,0.0,22.6553039325,0.0,0.0060126185,-1.5067475
2024-05-14 22:15:00,0.0,0.0,22.44542833,0.0,22,6,6,0.0,0.0,22.4451756325,0.0,7100.908,693.82886
2024-05-14 22:30:00,0.0,0.0,21.99010827,0.0,22,6,6,0.0,0.0,22.1966669675,0.0,-3.9155266,-0.8224945
2024-05-14 22:45:00,0.0,0.0,21.42063393,0.0,22,6,6,0.0,0.0,21.9637740825,0.0,3.996827,-0.5609913
2024-05-14 23:00:00,0.0,0.0,21.15199587,0.0,23,6,6,0.0,0.0,21.7520416,0.0,3810.0002,370.64142
2024-05-14 23:15:00,0.0,0.0,21.4704246,0.0,23,6,6,0.0,0.0,21.5082906675,0.0,3515.38,362.8913
2024-05-14 23:30:00,0.0,0.0,22.45549007,0.0,23,6,6,0.0,0.0,21.6246361175,0.0,1904.7769,178.72401
2024-05-14 23:45:00,0.0,0.0,22.44784547,0.0,23,6,6,0.0,0.0,21.881439002500002,0.0,-0.6546472,-0.5388582
2024-05-15 00:00:00,0.0,0.0,22.69362187,0.0,0,0,6,0.0,0.0,22.266845502499997,0.0,-7.582046,-0.004725218
2024-05-15 00:15:00,0.0,0.0,22.54504593,0.0,0,0,6,0.0,0.0,22.535500835,0.0,7389.7847,727.4573
2024-05-15 00:30:00,0.0,0.0,22.31437593,0.0,0,0,6,0.0,0.0,22.5002223,0.0,-7.7251277,-3.0371668
2024-05-15 00:45:00,0.0,0.0,22.11098627,0.0,0,0,6,0.0,0.0,22.416007500000003,0.0,3.3510597,-0.6660087
2024-05-15 01:00:00,0.0,0.0,22.29318847,0.0,1,0,6,0.0,0.0,22.315899150000003,0.0,18.317612,1.0560775
2024-05-15 01:15:00,0.0,0.0,22.43304847,0.0,1,0,6,0.0,0.0,22.287899785,0.0,3.7166297,-0.9139917
2024-05-15 01:30:00,0.0,0.0,21.5200196,0.0,1,0,6,0.0,0.0,22.0893107025,0.0,9548.29,927.1875
2024-05-15 01:45:00,0.0,0.0,21.20229879,0.0,1,0,6,0.0,0.0,21.8621388325,0.0,2374.13,237.21088
2024-05-15 02:00:00,0.0,0.0,21.1699198,0.0,2,0,6,0.0,0.0,21.581321664999997,0.0,-4.8255153,-0.6139393
2024-05-15 02:15:00,0.0,0.0,20.97766733,0.0,2,0,6,0.0,0.0,21.21747638,0.0,1444.2041,143.97867
2024-05-15 02:30:00,0.0,0.0,20.76944387,0.0,2,0,6,0.0,0.0,21.0298324475,0.0,10195.4795,1001.9649
2024-05-15 02:45:00,0.0,0.0,20.88665567,0.0,2,0,6,0.0,0.0,20.9509216675,0.0,40.840454,2.0749977
2024-05-15 03:00:00,0.0,0.0,20.77473767,0.0,3,0,6,0.0,0.0,20.852126135,0.0,8309.719,826.158
2024-05-15 03:15:00,0.0,0.0,21.0114828,0.0,3,0,6,0.0,0.0,20.8605800025,0.0,-12.430877,-2.8319647
2024-05-15 03:30:00,0.0,0.0,21.46327513,0.0,3,0,6,0.0,0.0,21.0340378175,0.0,8716.065,850.377
2024-05-15 03:45:00,0.0,0.0,21.60678114,0.0,3,0,6,0.0,0.0,21.214069185,0.0,5.7382207,-0.020651579
2024-05-15 04:00:00,0.0,0.0,21.5196512,0.0,4,0,6,0.0,0.0,21.400297567499997,0.0,5114.7173,510.852
2024-05-15 04:15:00,0.0,0.0,20.80554207,0.0,4,0,6,0.0,0.0,21.348812385,0.0,6187.2803,606.07465
2024-05-15 04:30:00,0.0,0.0,20.4898396,0.0,4,0,6,0.0,0.0,21.105453502499998,0.0,-13.4821615,-0.05024028
2024-05-15 04:45:00,0.0,0.0,20.21491907,0.0,4,0,6,0.0,0.0,20.757487985,0.0,1851.373,182.36047
2024-05-15 05:00:00,0.0,0.0,20.08615913,0.0,5,0,6,0.0,0.0,20.3991149675,0.0,6187.979,617.20197
2024-05-15 05:15:00,0.0,0.0,19.86163547,0.0,5,0,6,0.0,0.0,20.1631383175,0.0,4921.984,483.96628
2024-05-15 05:30:00,0.0,0.0,19.82689607,0.0,5,0,6,0.0,0.0,19.997402434999998,0.0,168.94781,11.943454
2024-05-15 05:45:00,0.0,0.0,20.121873,0.000552364,5,0,6,0.0,0.0,19.9741409175,0.00013809099999983346,1190.3043,115.085915
2024-05-15 06:00:00,95.4610389609091,9.213636363545454,20.39442947,0.009686439,6,0,6,23.865259740227273,2.3034090908864773,20.0512085025,0.0025597007499998333,-10.228103,-1.1607215
2024-05-15 06:15:00,457.6582792272727,44.26517857181818,20.84060436,0.033310349,6,0,6,138.27982954704544,13.369703733841023,20.295950725,0.010887287999999834,2467.7175,241.08064
2024-05-15 06:30:00,965.4634740181817,93.78271103818183,22.19589627,0.067908889,6,0,6,379.6456980515909,36.81538149338648,20.888200775,0.027864510249999835,43.3768,-0.06386018
2024-05-15 06:45:00,1465.6875,143.06582791818184,24.03458047,0.102704015,6,0,6,746.0675730515909,72.58183847293193,21.866377642499998,0.05340242299999984,-18.924316,-2.738705
2024-05-15 07:00:00,2091.543019545454,205.05641234090908,25.80411173,0.155734291,7,0,6,1245.0880681977271,121.54253246727285,23.218798207499997,0.08991438599999983,32.441956,1.2755692
2024-05-15 07:15:00,2155.514610454545,211.16071428636363,27.6883708,0.160229147,7,0,6,1669.552151004545,163.2664163959092,24.930739817499997,0.12164408549999983,1345.2476,138.15506
2024-05-15 07:30:00,1921.3733766818184,188.1887987,27.54658813,0.133338065,7,0,6,1908.5296266704545,186.86793831136373,26.2684127825,0.13800137949999983,-1.4496148,-0.054371834
2024-05-15 07:45:00,3683.730519454545,361.70909090909095,29.87518727,0.264203269,7,0,6,2463.0403815340906,241.52875405909103,27.728564482499998,0.17837619299999985,10.230927,0.5088022
2024-05-15 08:00:00,6256.626623363636,613.0284090863636,35.34433613,0.458692905,8,0,6,3504.311282488636,343.52175324545465,30.1136205825,0.25411584649999985,17.00351,-0.31309772
2024-05-15 08:15:00,7551.198863590908,739.2595779272727,40.66176133,0.536357669,8,0,6,4853.232345772727,475.54646915568196,33.356968215,0.3481479769999999,3727.8252,351.93018
2024-05-15 08:30:00,7565.600649318181,740.6342532454545,42.59452829,0.578556102,8,0,6,6264.289163931818,613.6578327920456,37.118953255,0.45945248624999985,11112.424,1096.1577
2024-05-15 08:45:00,7366.6745129090905,721.2477272772727,42.4321838,0.534278821,8,0,6,7185.025162295454,703.542491884091,40.2582023875,0.5269713742499998,9949.8125,982.68964
2024-05-15 09:00:00,7994.030032454545,782.3654220772728,42.29481827,0.572937205,9,0,6,7619.376014568181,745.8767451318183,41.9958229225,0.5555324492499999,-23.982834,-0.6061287
2024-05-15 09:15:00,8892.440746818182,869.7196428545453,44.0128702,0.663450357,9,0,6,7954.686485374999,778.4917613636364,42.83360014,0.5873056212499999,8.901582,-0.7590492
2024-05-15 09:30:00,8902.463474,870.45625,43.27049353,0.642851311,9,0,6,8288.902191545454,810.9472605522727,43.002591450000004,0.6033794234999998,13.281724,-0.99246097
2024-05-15 09:45:00,8737.249188363638,854.5471590909091,44.94630113,0.644579368,9,0,6,8631.54586040909,844.2721185056819,43.631120782500005,0.63095456025,1114.6427,103.90324
2024-05-15 10:00:00,8716.380681772727,852.52435065,43.85072413,0.617130909,10,0,6,8812.133522738637,861.8118506488637,44.020097247500004,0.6420029862499999,9191.404,909.2601
2024-05-15 10:15:00,11831.457793636364,1154.564935090909,48.58012873,0.888736286,10,0,6,9546.887784443183,933.0231737079546,45.161911880000005,0.6983244684999999,7.601197,-0.07120633
2024-05-15 10:30:00,9767.987013,953.7315746727272,50.1047016,0.680174239,10,0,6,9763.268669193181,953.8420048761365,46.8704638975,0.7076552004999999,1524.5195,146.22559
2024-05-15 10:45:00,10736.697239681818,1048.1241883681816,46.05228093,0.860844859,10,0,6,10263.130682022727,1002.2362621954546,47.1469588475,0.7617215732499998,9038.418,913.3585
2024-05-15 11:00:00,10301.512987,1005.8559253227272,50.65149947,0.702748034,11,0,6,10659.413758329545,1040.5691558636363,48.847152682499996,0.7831258544999997,5926.0347,564.5501
2024-05-15 11:15:00,7803.769480454545,763.2867694909091,46.34689127,0.573616665,11,0,6,9652.49168003409,942.7496144636364,48.288843317499996,0.7043459492499998,18.614807,-0.1776917
2024-05-15 11:30:00,8248.709415545454,806.3963474,45.72413727,0.637088729,11,0,6,9272.672280670455,905.9158076454546,47.193702234999996,0.6935745717499998,7.3785405,-1.6738379
2024-05-15 11:45:00,8838.233765954546,864.0524350727272,44.47907733,0.664057878,11,0,6,8798.056412238637,859.8978693215911,46.800401335,0.6443778264999999,7474.5757,720.26154
2024-05-15 12:00:00,9581.439935409091,935.9796266000001,44.70394093,0.744481677,12,0,6,8618.03814934091,842.4287946409091,45.3135117,0.6548112372499999,6301.1313,634.2054
2024-05-15 12:15:00,6173.681006454545,604.82694805,44.1841634,0.4327973,12,0,6,8210.516030840909,802.813839280682,44.7728297325,0.6196063959999998,229.05585,30.686308
2024-05-15 12:30:00,5733.641233727272,561.9141233818182,39.75272247,0.390190657,12,0,6,7581.7489853863635,741.6932832761365,43.2799760325,0.5578818779999999,10.97635,-1.5517747
2024-05-15 12:45:00,6550.603896090909,641.59594155,41.346218,0.455251233,12,0,6,7009.841517920454,686.0791598954547,42.4967612,0.5056802167499999,9621.349,947.5031
2024-05-15 13:00:00,10117.732955,988.4294643045455,45.40433814,0.732408038,13,0,6,7143.9147728181815,699.1916193215911,42.671860502499996,0.5026618069999998,1415.9431,133.63513
2024-05-15 13:15:00,5880.584415590909,576.2605519454545,45.50306193,0.42740474,13,0,6,7070.640625102273,692.0500202954546,43.001585135,0.5013136669999999,11198.432,1102.7498
2024-05-15 13:30:00,3553.7134739999997,348.8596590909091,39.03741653,0.245392139,13,0,6,6525.658685170454,638.7864042227274,42.82275865,0.46511403749999986,4226.9443,426.08386
2024-05-15 13:45:00,3399.268668863637,333.9657467636364,34.7539672,0.226094447,13,0,6,5737.824878363636,561.8788555261365,41.17469595,0.4078248409999999,3615.7883,365.59204
2024-05-15 14:00:00,4036.916396181818,396.4547077863636,33.99897067,0.269043045,14,0,6,4217.62073865909,413.885166396591,38.3233540825,0.29198359274999985,7.1636815,0.63739085
2024-05-15 14:15:00,6171.736201363637,604.0234577909091,34.74134893,0.423195788,14,0,6,4290.408685102273,420.8258928579546,35.6329258325,0.29093135474999987,4046.4316,408.49213
2024-05-15 14:30:00,10051.807629909092,981.8008117272728,43.56778333,0.652056834,14,0,6,5914.932224079545,579.0611810170456,36.7655175325,0.39259752849999985,10168.012,1002.38513
2024-05-15 14:45:00,6929.414772727273,678.4836850636364,43.3427838,0.477276619,14,0,6,6797.468750045455,665.1906655920455,38.9127216825,0.45539307149999986,122.64108,9.6275835
2024-05-15 15:00:00,6451.0665583636355,631.8879870090909,41.36491267,0.423314525,15,0,6,7401.006290590909,724.0489853977274,40.7542071825,0.49396094149999986,10.045136,-1.4231126
2024-05-15 15:15:00,6308.339285727273,617.9401785772727,40.87684527,0.451193729,15,0,6,7435.157061681818,727.5281655943184,42.2880812675,0.5009604267499999,26.069717,1.151727
2024-05-15 15:30:00,5334.749188318182,522.9675324772727,38.41052707,0.382211712,15,0,6,6255.892451284091,612.8198457818182,40.9987672025,0.43349914624999986,-21.773834,-0.450238
2024-05-15 15:45:00,6285.876623363636,615.6548701272727,40.31551513,0.450292307,15,0,6,6095.007913943182,597.1126420477274,40.241950035,0.4267530682499998,1205.0605,113.094124
2024-05-15 16:00:00,1804.1948051363636,176.59650974545454,34.53093853,0.125169107,16,0,6,4933.289975636364,483.2897727318183,38.5334565,0.35221671374999985,4095.3464,381.42584
2024-05-15 16:15:00,2468.2053571818183,242.13254870454546,31.59433793,0.162905637,16,0,6,3973.2564935,389.33786526363644,36.212829665,0.2801446907499998,21.47638,-0.5939343
2024-05-15 16:30:00,3488.701298772727,342.95413961363636,33.07997247,0.238490188,16,0,6,3511.7445211136364,344.33451704772745,34.880191015,0.24421430974999986,-6.84732,-3.0878718
2024-05-15 16:45:00,4060.9009739999997,398.9259740227273,33.850057,0.2764912,16,0,6,2955.500608772727,290.15229302159105,33.2638264825,0.20076403299999984,6.4967504,-1.1186786
2024-05-15 17:00:00,2790.823052,274.00446428636366,33.650572,0.193777918,17,0,6,3202.1576704886365,314.5042816568183,33.04373485,0.21791623574999985,-1.7854302,-2.4693558
2024-05-15 17:15:00,2271.4196428181817,222.7125811681818,31.59396967,0.156571079,17,0,6,3152.9612418977276,309.6492897727274,33.043642785,0.21633259624999984,3147.1367,305.25525
2024-05-15 17:30:00,1438.9797078181819,140.26095778636363,29.8884196,0.101691653,17,0,6,2640.5308441590905,258.9759943159092,32.2457545675,0.18213296249999986,8.418885,1.0952365
2024-05-15 17:45:00,1232.5722403181817,120.0324675409091,29.0264568,0.085962397,17,0,6,1933.4486607386364,189.25261769545466,31.0398545175,0.13450076174999986,16.388733,0.7460668
2024-05-15 18:00:00,534.1209415545454,51.68969155772727,27.61852814,0.038846555,18,0,6,1369.2731331272726,133.67392451329556,29.5318435525,0.09576792099999987,13301.881,1292.5988
2024-05-15 18:15:00,236.1006493409091,22.797727272727272,26.6526916,0.018262179,18,0,6,860.4433847579545,83.69521103943192,28.296524034999997,0.061190695999999864,-1.8983452,-0.020687342
2024-05-15 18:30:00,17.577110389545457,1.6950487012727273,25.9055684,0.004051768,18,0,6,505.0927354007954,49.053733768159205,27.300811235,0.03678072474999986,17.51941,0.41897655
2024-05-15 18:45:00,0.0,0.0,25.03401067,0.000193004,18,0,6,196.94967532125,19.04561688293193,26.3026997025,0.01533837649999986,7206.581,714.2775
2024-05-15 19:00:00,0.0,0.0,21.9908934,2.01e-05,19,0,6,63.419439932613635,6.123193993500114,24.895791017500002,0.005631762749999861,-6.3987575,-2.7175753
2024-05-15 19:15:00,0.0,0.0,21.17456667,0.0,19,0,6,4.394277597386364,0.4237621753182955,23.526259785,0.0010662179999998613,4406.9834,438.6798
2024-05-15 19:30:00,0.0,0.0,21.7699482,0.0,19,0,6,0.0,0.0,22.492354735,5.3275999999861225e-05,8119.7446,806.3199
2024-05-15 19:45:00,0.0,0.0,22.1287008,0.0,19,0,6,0.0,0.0,21.7660272675,5.024999999861222e-06,7122.441,704.38116
2024-05-15 20:00:00,0.0,0.0,22.4887248,0.0,20,0,6,0.0,0.0,21.8904851175,0.0,4195.0054,416.27377
2024-05-15 20:15:00,0.0,0.0,22.45287421,0.0,20,0,6,0.0,0.0,22.210062002500003,0.0,0.16644353,-2.227553
2024-05-15 20:30:00,0.0,0.0,22.12767753,0.0,20,0,6,0.0,0.0,22.299494335,0.0,31.184845,2.1168454
2024-05-15 20:45:00,0.0,0.0,21.76893313,0.0,20,0,6,0.0,0.0,22.2095524175,0.0,-6.7840266,-2.2757263
2024-05-15 21:00:00,0.0,0.0,21.37013947,0.0,21,0,6,0.0,0.0,21.929906085000002,0.0,5121.1865,508.81924
2024-05-15 21:15:00,0.0,0.0,21.09804473,0.0,21,0,6,0.0,0.0,21.591198715,0.0,3038.221,308.9638
2024-05-15 21:30:00,0.0,0.0,21.15286267,0.0,21,0,6,0.0,0.0,21.347495000000002,0.0,8.91327,0.541198
2024-05-15 21:45:00,0.0,0.0,21.07163493,0.0,21,0,6,0.0,0.0,21.17317045,0.0,-11.269774,-0.8326583
2024-05-15 22:00:00,0.0,0.0,21.0493896,0.0,22,0,6,0.0,0.0,21.0929829825,0.0,32.39653,0.18963933
2024-05-15 22:15:00,0.0,0.0,21.80238833,0.0,22,0,6,0.0,0.0,21.2690688825,0.0,-6.1666408,-2.703904
2024-05-15 22:30:00,0.0,0.0,22.65154013,0.0,22,0,6,0.0,0.0,21.6437382475,0.0,1760.0193,167.88904
2024-05-15 22:45:00,0.0,0.0,22.87932264,0.0,22,0,6,0.0,0.0,22.095660175,0.0,2042.7767,197.7439
2024-05-15 23:00:00,0.0,0.0,22.86751913,0.0,23,0,6,0.0,0.0,22.5501925575,0.0,9205.889,898.43195
2024-05-15 23:15:00,0.0,0.0,22.9411274,0.0,23,0,6,0.0,0.0,22.834877325,0.0,4778.4185,463.62408
2024-05-15 23:30:00,0.0,0.0,23.07722773,0.0,23,0,6,0.0,0.0,22.941299225,0.0,-8.732543,-0.7248452
2024-05-15 23:45:00,0.0,0.0,23.0512858,0.0,23,0,6,0.0,0.0,22.984290015,0.0,0.95634526,-1.1024334
2024-05-16 00:00:00,0.0,0.0,22.07888813,0.0,0,1,6,0.0,0.0,22.787132264999997,0.0,5886.4614,595.0883
2024-05-16 00:15:00,0.0,0.0,21.67698573,0.0,0,1,6,0.0,0.0,22.4710968475,0.0,-3.3489678,-1.2802429
2024-05-16 00:30:00,0.0,0.0,21.3110328,0.0,0,1,6,0.0,0.0,22.029548114999997,0.0,31.573395,0.84470344
2024-05-16 00:45:00,0.0,0.0,20.88455607,0.0,0,1,6,0.0,0.0,21.4878656825,0.0,2109.4192,200.04517
2024-05-16 01:00:00,0.0,0.0,20.6971374,0.0,1,1,6,0.0,0.0,21.142428,0.0,9.605744,0.14471555
2024-05-16 01:15:00,0.0,0.0,20.882272,0.0,1,1,6,0.0,0.0,20.9437495675,0.0,5.210419,-0.8232753
2024-05-16 01:30:00,0.0,0.0,21.47655247,0.0,1,1,6,0.0,0.0,20.985129485,0.0,-2.407943,-1.2606151
2024-05-16 01:45:00,0.0,0.0,21.58376247,0.0,1,1,6,0.0,0.0,21.159931085,0.0,10558.761,1039.4946
2024-05-16 02:00:00,0.0,0.0,21.5838462,0.0,2,1,6,0.0,0.0,21.381608285,0.0,-18.164474,-0.38044667
2024-05-16 02:15:00,0.0,0.0,21.7492634,0.0,2,1,6,0.0,0.0,21.598356135,0.0,9992.438,970.283
2024-05-16 02:30:00,0.0,0.0,21.858671,0.0,2,1,6,0.0,0.0,21.6938857675,0.0,14.957429,0.55676055
2024-05-16 02:45:00,0.0,0.0,21.67095127,0.0,2,1,6,0.0,0.0,21.7156829675,0.0,7941.781,782.89764
2024-05-16 03:00:00,0.0,0.0,21.39153247,0.0,3,1,6,0.0,0.0,21.667604535,0.0,8836.861,864.15814
2024-05-16 03:15:00,0.0,0.0,21.181779,0.0,3,1,6,0.0,0.0,21.525733435,0.0,0.021576583,-0.9399216
2024-05-16 03:30:00,0.0,0.0,20.98971764,0.0,3,1,6,0.0,0.0,21.308495095,0.0,17.399673,-0.38028026
2024-05-16 03:45:00,0.0,0.0,21.0618022,0.0,3,1,6,0.0,0.0,21.156207827499998,0.0,-4.4967036,-2.354047
2024-05-16 04:00:00,0.0,0.0,21.4435628,0.0,4,1,6,0.0,0.0,21.16921541,0.0,119.036026,7.2170153
2024-05-16 04:15:00,0.0,0.0,21.51840627,0.0,4,1,6,0.0,0.0,21.253372227499998,0.0,3596.6697,357.23773
2024-05-16 04:30:00,0.0,0.0,21.7528688,0.0,4,1,6,0.0,0.0,21.4441600175,0.0,17.443542,-1.2793348
2024-05-16 04:45:00,0.0,0.0,22.0547526,0.0,4,1,6,0.0,0.0,21.6923976175,0.0,12356.9375,1216.4268
2024-05-16 05:00:00,0.0,0.0,22.12793773,0.0,5,1,6,0.0,0.0,21.86349135,0.0,11843.02,1169.2029
2024-05-16 05:15:00,0.0,0.0,21.92976293,0.0,5,1,6,0.0,0.0,21.966330515000003,0.0,4483.374,431.24344
2024-05-16 05:30:00,0.0,0.0,21.58778073,0.0,5,1,6,0.0,0.0,21.9250584975,0.0,12323.15,1204.2023
2024-05-16 05:45:00,0.0,0.0,21.47074393,4.49e-05,5,1,6,0.0,0.0,21.77905633,1.1224999999861222e-05,7499.643,746.90155
2024-05-16 06:00:00,3.8327922077272727,0.3707792207727273,21.69032293,0.00385188,6,1,6,0.9581980519318182,0.09269480519329551,21.66965263,0.0009741949999998612,-19.972824,-3.1532185
2024-05-16 06:15:00,188.98701299545453,18.250324675,22.05121253,0.014183821,6,1,6,48.20495130079545,4.655275973943296,21.70001503,0.004520150249999861,7655.8364,740.29895
2024-05-16 06:30:00,690.1444805181818,66.887824675,22.45022773,0.046841308,6,1,6,220.7410714303409,21.3772321426933,21.91562678,0.01623047724999986,134.64386,7.6077347
2024-05-16 06:45:00,1005.5243506863636,97.69675324681818,23.92143953,0.070611812,6,1,6,472.1221591019318,45.80142045439784,22.52830068,0.03387220524999986,-3.152572,-0.7523651
2024-05-16 07:00:00,1440.6493506363638,140.5489448090909,24.80197147,0.101726107,7,1,6,831.3262987090909,80.84596185147738,23.306212815000002,0.05834076199999986,6978.405,689.8255
2024-05-16 07:15:00,2349.8287336363637,230.41761363636363,25.77091267,0.167161456,7,1,6,1371.5367288693183,133.88778409181828,24.23613785,0.09658517074999987,-6.262069,-0.36190152
2024-05-16 07:30:00,2829.0105519090907,277.5077110363636,28.37614753,0.206390628,7,1,6,1906.2532467170454,186.5427556821592,25.717617800000003,0.13647250074999986,5049.302,499.39697
2024-05-16 07:45:00,3553.3717532272726,348.96120130454545,29.75697633,0.258267081,7,1,6,2543.215097352273,249.358867696591,27.176502000000003,0.18338631799999985,-7.6298213,-1.9368312
2024-05-16 08:00:00,4891.206168818182,479.7742694772727,32.9937198,0.353673456,8,1,6,3405.854301897727,334.1651988636365,29.2244390825,0.24637315524999986,1106.5532,104.1713
2024-05-16 08:15:00,4610.265422090909,452.4966720772727,34.32752779,0.32255192,8,1,6,3970.9634740113634,389.6849634738637,31.3635928625,0.28522077124999984,-8.719604,-2.0810025
2024-05-16 08:30:00,5813.116071363636,569.6840909090909,34.944578,0.402276302,8,1,6,4716.989853875,462.7290584420455,33.00570048,0.33419218974999987,1583.8674,155.06534
2024-05-16 08:45:00,5831.977272727273,571.4852272772728,37.48621607,0.414756093,8,1,6,5286.6412337500005,518.3600649352275,34.938010414999994,0.3733144427499998,529.76074,47.7121
2024-05-16 09:00:00,5815.979707727273,569.9297077909091,37.02837907,0.410816618,9,1,6,5517.834618477273,540.8989245136365,35.9466752325,0.38760023324999987,2.1483161,0.1151216
2024-05-16 09:15:00,6536.527597409091,640.3032467545455,38.08438907,0.46019857,9,1,6,5999.400162306818,587.8505681829547,36.8858905525,0.42201189574999987,2819.8381,277.34027
2024-05-16 09:30:00,7526.339285681818,736.8471590909091,39.71077913,0.552147115,9,1,6,6427.7059658863645,629.6413352284093,38.077440835,0.45947959899999985,2389.5427,233.94702
2024-05-16 09:45:00,8835.4180195,864.36875,42.88413893,0.63615115,9,1,6,7178.566152579546,702.862215909091,39.42692155,0.5148283632499998,6168.7925,606.4096
2024-05-16 10:00:00,11213.213473636364,1094.6801948681818,46.8276938,0.828979311,10,1,6,8527.874594056819,834.0498376784092,41.8767502325,0.6193690364999999,10.284989,1.1849098
2024-05-16 10:15:00,10409.718344545456,1017.1971591045454,49.562795,0.720424872,10,1,6,9496.17228084091,928.2733157659093,44.746351715,0.6844256119999998,8492.828,846.2896
2024-05-16 10:30:00,8455.029220909091,827.346266231818,47.05057614,0.590902381,10,1,6,9728.344764647729,950.8980925511364,46.5813009675,0.6941144284999998,0.7228095,-0.28439307
2024-05-16 10:45:00,9398.028409136365,918.6758116909091,45.9083192,0.675252786,10,1,6,9868.99736205682,964.4748579738638,47.337346034999996,0.7038898374999999,3205.2053,314.67712
2024-05-16 11:00:00,11632.121753181818,1135.3693992727274,53.25080987,0.918285223,11,1,6,9973.724431943181,974.6471590750002,48.943125052499994,0.7262163154999999,6914.6763,689.8655
2024-05-16 11:15:00,8393.219155818182,821.3301136409092,48.67373447,0.598694681,11,1,6,9469.599634761364,925.680397709091,48.720859919999995,0.6957837677499998,1332.1942,121.22993
2024-05-16 11:30:00,5928.700487045455,580.9274350636364,43.25037453,0.420767104,11,1,6,8838.017451295455,864.0756899170456,47.7708095175,0.6532499484999998,9807.985,979.7119
2024-05-16 11:45:00,7527.738636363636,736.8469155863636,44.0384016,0.52183881,11,1,6,8370.445008102273,818.6184658909092,47.303330117499996,0.6148964544999999,4297.027,436.5999
2024-05-16 12:00:00,3362.6355519999997,330.42191558636364,38.48475933,0.222245603,12,1,6,6303.073457806819,617.3815949693183,43.6118174825,0.44088654949999984,587.9359,54.60195
2024-05-16 12:15:00,6170.181818227273,604.5050324727273,37.03804093,0.429468928,12,1,6,5747.314123409091,563.1753246772728,40.7028940975,0.39858011124999987,12.864717,-0.030018091
2024-05-16 12:30:00,6580.700486954545,644.3940746727272,45.40855414,0.48339984,12,1,6,5910.314123386364,579.0419845795456,41.242439000000005,0.41423829524999983,6530.3794,638.75006
2024-05-16 12:45:00,7214.494318227273,705.5847402590908,46.0441244,0.502882665,12,1,6,5832.003043852273,571.2264407477273,41.743869700000005,0.40949925899999984,2609.361,250.13779
2024-05-16 13:00:00,4776.089285681818,468.43400974545455,41.8464274,0.319418066,13,1,6,6185.366477272727,605.7294642875002,42.5842867175,0.4337923747499999,8171.5024,791.8105
2024-05-16 13:15:00,7302.361201136364,715.0124188363636,41.0477926,0.503272737,13,1,6,6468.411323,633.3563108784092,43.586724635,0.4522433269999998,183.49826,13.208265
2024-05-16 13:30:00,8094.435065045454,792.0390422090909,45.51363347,0.582289155,13,1,6,6846.8449675227275,670.2675527625001,43.6129944675,0.47696565574999983,5948.3013,578.8276
2024-05-16 13:45:00,5984.88555190909,586.1318181863636,41.4494812,0.409412809,13,1,6,6539.442775943182,640.4043222443183,42.46433366750001,0.4535981917499998,4147.679,414.36285
2024-05-16 14:00:00,6571.149350590908,643.5818181818182,43.01357607,0.430022742,14,1,6,6988.207792170455,684.1912743534092,42.756120835000004,0.48124936074999985,134.66179,10.645706
2024-05-16 14:15:00,4402.660714272727,432.1741883181818,38.78618573,0.304843655,14,1,6,6263.282670454545,613.4817167238638,42.1907191175,0.43164209024999983,1339.0552,130.54227
2024-05-16 14:30:00,9840.797889272728,961.1755681590909,43.40939127,0.718146513,14,1,6,6699.873376511363,655.7658482113637,41.6646585675,0.46560642974999983,1233.9148,125.04347
2024-05-16 14:45:00,7263.973214227272,710.9341720818182,47.94010286,0.525763517,14,1,6,7019.645292090909,686.9664366852274,43.287313982499995,0.4946941067499998,2262.161,216.84361
2024-05-16 15:00:00,4094.1988636363635,402.01875,39.4493672,0.282245199,15,1,6,6400.407670352272,626.5756696397729,42.396261765,0.45774972099999983,-14.266723,-3.0526197
2024-05-16 15:15:00,4674.743506454545,458.66615260454546,36.67894273,0.320157957,15,1,6,6468.428368397726,633.1986607113637,41.869451014999996,0.4615782964999998,-5.4294734,-0.9519694
2024-05-16 15:30:00,6470.696428590909,633.8504870136363,38.17277627,0.427414163,15,1,6,5625.903003227273,551.3673904250002,40.560297265,0.38889520899999985,6024.2534,600.8171
2024-05-16 15:45:00,5043.2555015,494.5762265545454,38.97982593,0.358511963,15,1,6,5070.723575045455,497.2779040431819,38.3202280325,0.3470823204999998,2162.9167,208.19992
2024-05-16 16:00:00,4965.965909136364,486.9761363590909,37.409806,0.345676682,16,1,6,5288.665336420455,518.5172506329546,37.8103377325,0.3629401912499998,10616.013,1043.5754
2024-05-16 16:15:00,3495.737013,343.43189935454546,35.6392172,0.247911115,16,1,6,4993.913713056818,489.7086873204546,37.55040635,0.3448784807499998,-0.13578731,-2.1734176
2024-05-16 16:30:00,2645.1436688636363,259.41599026363633,32.8359476,0.189553773,16,1,6,4037.525523125,396.10006313295463,36.2161991825,0.2854133832499998,9066.304,899.2753
2024-05-16 16:45:00,2207.9277597272726,216.47061687727273,31.4595755,0.161416736,16,1,6,3328.693587681818,326.57366071363646,34.336136575,0.23613957649999984,4577.3813,448.615
2024-05-16 17:00:00,1917.6720779545453,187.9775974,30.26335453,0.138821146,17,1,6,2566.6201298863634,251.82402597386374,32.5495237075,0.18442569249999985,6.216538,-1.916534
2024-05-16 17:15:00,1734.9358766818184,170.04472402272725,29.38672473,0.123509768,17,1,6,2126.419845806818,208.47723214090917,30.98640059,0.15332535574999984,6385.1157,632.13116
2024-05-16 17:30:00,1448.4642857272727,141.29399350454545,28.3863546,0.102328307,17,1,6,1827.2500000227271,178.94673295113645,29.87400234,0.13151898924999983,7259.656,724.98846
2024-05-16 17:45:00,1038.489448090909,100.92077922,27.2317426,0.072902503,17,1,6,1534.8904221136363,150.0592735368183,28.817044115,0.10939043099999983,2912.824,288.37726
2024-05-16 18:00:00,694.7305194772727,67.31623376590909,26.16226613,0.04885492,18,1,6,1229.1550324943182,119.89393262829556,27.791772015,0.08689887449999983,6247.0146,617.064
2024-05-16 18:15:00,344.2548701318182,33.270048700454545,25.0996826,0.024749854,18,1,6,881.4847808568182,85.70026379772739,26.720011482500002,0.062208895999999826,-0.84074336,-0.2526934
2024-05-16 18:30:00,74.98376623454546,7.236120129772728,24.1691102,0.007053627,18,1,6,538.1146509836364,52.185795454034206,25.6657003825,0.03839022599999983,8476.893,831.549
2024-05-16 18:45:00,0.0,0.0,23.46554121,5.61e-05,18,1,6,278.4922889609091,26.955600649034203,24.724150035,0.020178625249999835,2290.9788,227.72418
2024-05-16 19:00:00,0.0,0.0,23.09496447,0.0,19,1,6,104.80965909159092,10.126542207556932,23.95732462,0.007964895249999835,1478.5922,140.81851
2024-05-16 19:15:00,0.0,0.0,23.47524427,0.0,19,1,6,18.745941558636364,1.8090300324432957,23.5512150375,0.0017774317499998334,-8.607009,-2.2327046
2024-05-16 19:30:00,0.0,0.0,23.06877247,0.0,19,1,6,0.0,0.0,23.276130605000002,1.4024999999833467e-05,6.1951756,-0.3205526
2024-05-16 19:45:00,0.0,0.0,22.12527053,0.0,19,1,6,0.0,0.0,22.941062934999998,0.0,8.154054,-1.2898233
2024-05-16 20:00:00,0.0,0.0,21.6543518,0.0,20,1,6,0.0,0.0,22.5809097675,0.0,1.958039,-0.2809279
2024-05-16 20:15:00,0.0,0.0,21.47277833,0.0,20,1,6,0.0,0.0,22.0802932825,0.0,717.5985,61.578503
2024-05-16 20:30:00,0.0,0.0,21.3422506,0.0,20,1,6,0.0,0.0,21.648662815,0.0,11355.068,1110.9744
2024-05-16 20:45:00,0.0,0.0,21.26215207,0.0,20,1,6,0.0,0.0,21.4328832,0.0,11.021928,-1.8486629
2024-05-16 21:00:00,0.0,0.0,21.28716157,0.0,21,1,6,0.0,0.0,21.3410856425,0.0,21.509506,-0.7721989
2024-05-16 21:15:00,0.0,0.0,21.77463793,0.0,21,1,6,0.0,0.0,21.416550542499998,0.0,-10.173369,-2.9690814
2024-05-16 21:30:00,0.0,0.0,21.56262413,0.0,21,1,6,0.0,0.0,21.471643925,0.0,9700.092,953.6215
2024-05-16 21:45:00,0.0,0.0,21.23533533,0.0,21,1,6,0.0,0.0,21.46493974,0.0,36.21904,1.9668639
2024-05-16 22:00:00,0.0,0.0,20.93621827,0.0,22,1,6,0.0,0.0,21.377203915000003,0.0,13.627549,0.5793636
2024-05-16 22:15:00,0.0,0.0,20.6880636,0.0,22,1,6,0.0,0.0,21.1055603325,0.0,11513.934,1133.1392
2024-05-16 22:30:00,0.0,0.0,20.53696287,0.0,22,1,6,0.0,0.0,20.8491450175,0.0,4031.004,405.8755
2024-05-16 22:45:00,0.0,0.0,20.92511187,0.0,22,1,6,0.0,0.0,20.7715891525,0.0,1923.0312,197.50227
2024-05-16 23:00:00,0.0,0.0,21.60649427,0.0,23,1,6,0.0,0.0,20.9391581525,0.0,0.027100265,-0.8646207
2024-05-16 23:15:00,0.0,0.0,21.32625043,0.0,23,1,6,0.0,0.0,21.098704859999998,0.0,2.8867347,-0.646863
2024-05-16 23:30:00,0.0,0.0,21.164687,0.0,23,1,6,0.0,0.0,21.2556358925,0.0,30.500153,-0.5005715
2024-05-16 23:45:00,0.0,0.0,21.21659967,0.0,23,1,6,0.0,0.0,21.328507842500002,0.0,24.885086,-1.6413829
2024-05-17 00:00:00,0.0,0.0,21.4657734,0.0,0,2,6,0.0,0.0,21.293327625000003,0.0,13063.125,1272.6602
2024-05-17 00:15:00,0.0,0.0,21.38197433,0.0,0,2,6,0.0,0.0,21.3072586,0.0,4857.2734,478.1031
2024-05-17 00:30:00,0.0,0.0,21.21028447,0.0,0,2,6,0.0,0.0,21.318657967500002,0.0,5.154038,-0.9697647
2024-05-17 00:45:00,0.0,0.0,21.3571554,0.0,0,2,6,0.0,0.0,21.3537969,0.0,0.9626929,-0.7086108
2024-05-17 01:00:00,0.0,0.0,21.47204793,0.0,1,2,6,0.0,0.0,21.3553655325,0.0,39.487534,1.9268773
2024-05-17 01:15:00,0.0,0.0,21.34918214,0.0,1,2,6,0.0,0.0,21.347167485,0.0,8872.705,881.7098
2024-05-17 01:30:00,0.0,0.0,21.247636,0.0,1,2,6,0.0,0.0,21.3565053675,0.0,0.9863135,-2.2859018
2024-05-17 01:45:00,0.0,0.0,21.09627673,0.0,1,2,6,0.0,0.0,21.291285699999996,0.0,11.821794,1.110451
2024-05-17 02:00:00,0.0,0.0,21.19365447,0.0,2,2,6,0.0,0.0,21.221687335,0.0,2940.172,281.61633
2024-05-17 02:15:00,0.0,0.0,21.31661153,0.0,2,2,6,0.0,0.0,21.2135446825,0.0,13228.814,1271.4664
2024-05-17 02:30:00,0.0,0.0,21.76327113,0.0,2,2,6,0.0,0.0,21.342453465,0.0,1.6360176,-0.54589987
2024-05-17 02:45:00,0.0,0.0,22.108378,0.0,2,2,6,0.0,0.0,21.5954787825,0.0,9850.079,976.3636
2024-05-17 03:00:00,0.0,0.0,22.4946594,0.0,3,2,6,0.0,0.0,21.920730015,0.0,6.5674596,-0.05959344
2024-05-17 03:15:00,0.0,0.0,22.48667,0.0,3,2,6,0.0,0.0,22.2132446325,0.0,9314.872,930.4177
2024-05-17 03:30:00,0.0,0.0,22.3627808,0.0,3,2,6,0.0,0.0,22.36312205,0.0,25.29419,-0.57742953
2024-05-17 03:45:00,0.0,0.0,22.27546043,0.0,3,2,6,0.0,0.0,22.4048926575,0.0,343.3441,31.22038
2024-05-17 04:00:00,0.0,0.0,22.15127153,0.0,4,2,6,0.0,0.0,22.31904569,0.0,-0.95169,-1.6164119
2024-05-17 04:15:00,0.0,0.0,21.91627007,0.0,4,2,6,0.0,0.0,22.1764457075,0.0,13260.439,1271.3263
2024-05-17 04:30:00,0.0,0.0,21.6825296,0.0,4,2,6,0.0,0.0,22.006382907499997,0.0,6871.011,691.48737
2024-05-17 04:45:00,0.0,0.0,21.4082114,0.0,4,2,6,0.0,0.0,21.789570649999998,0.0,10.455918,-0.46711183
2024-05-17 05:00:00,0.0,0.0,21.41950487,0.0,5,2,6,0.0,0.0,21.606628985,0.0,5261.3755,524.90045
2024-05-17 05:15:00,0.0,0.0,21.73754067,0.0,5,2,6,0.0,0.0,21.561946634999998,0.0,5.2236943,-0.9087391
2024-05-17 05:30:00,0.0,0.0,21.60522667,0.0,5,2,6,0.0,0.0,21.5426209025,0.0,-17.643738,0.35093188
2024-05-17 05:45:00,0.0,0.0,20.7132262,0.0,5,2,6,0.0,0.0,21.3688746025,0.0,25.934082,-0.5576403
2024-05-17 06:00:00,2.8262987013636365,0.2726461039090909,20.59955929,0.002842461,6,2,6,0.7065746753409091,0.06816152597738641,21.1638882075,0.0007106152499998335,-11.222335,-0.9467447
2024-05-17 06:45:00,410.65909090909093,39.875,23.15451523,0.045347547,6,2,6,103.37134740261364,10.036911525977386,21.5181318475,0.012047501999999833,6603.3804,650.34625
2024-05-17 07:00:00,1371.9926948181817,133.91055194545456,24.27701827,0.093316147,7,2,6,446.3695211071591,43.51454951234103,22.1860797475,0.03537653874999983,2323.1738,230.79721
2024-05-17 07:15:00,2068.6558442272726,202.84228896818183,25.8125894,0.143765242,7,2,6,963.5334821639772,94.22512175438649,23.4609205475,0.07131784924999984,1.7821968,-0.0043199062
2024-05-17 07:30:00,3267.0438311818184,321.0201298636364,28.5937582,0.227873637,7,2,6,1779.5878652840909,174.41199269431831,25.459470275,0.12757564324999981,4173.9106,410.83685
2024-05-17 07:45:00,3800.883928545454,373.53116883636363,30.82722567,0.268134915,7,2,6,2627.1440746931817,257.8260349034092,27.377647885,0.18327248524999984,4600.8223,461.97363
2024-05-17 08:00:00,3424.0405845,336.61850649090906,31.0847412,0.234509729,8,2,6,3140.1560471136363,308.5030235397728,29.079578617499998,0.2185708807499998,96.71677,6.9080133
2024-05-17 08:15:00,3785.390422045454,372.0063311681818,31.60524687,0.261087749,8,2,6,3569.3396915681815,350.7940340897729,30.527742985,0.24790150749999984,6038.0767,600.25275
2024-05-17 08:30:00,4071.636363681818,400.0285714227273,32.83224279,0.275448224,8,2,6,3770.4878246931817,370.5461444795456,31.5873641325,0.2597951542499998,7109.805,700.9156
2024-05-17 08:45:00,3910.318181818182,384.2244318181818,32.258191,0.262713,8,2,6,3797.8463880113636,373.2194602250001,31.945105465,0.25843967549999985,17.30017,0.2342987
2024-05-17 09:00:00,5058.720779227273,495.95714285909094,34.1126014,0.338133231,9,2,6,4206.516436693182,413.0541193170456,32.702070515,0.2843455509999998,10403.039,1019.66376
2024-05-17 09:15:00,5393.329545454545,528.6409090909091,34.55921213,0.366645748,9,2,6,4608.501217545455,452.21276379772735,33.44056183,0.31073505074999985,1717.106,172.68697
2024-05-17 09:30:00,6893.863636318181,675.1220779181818,37.62164713,0.466019323,9,2,6,5314.058035704546,520.986140421591,34.637912915,0.35837782549999986,6286.391,611.20526
2024-05-17 09:45:00,5708.176136363636,559.3982954545455,37.258136,0.383339662,9,2,6,5763.522524340909,564.779606330682,35.887899165,0.3885344909999998,2632.887,261.3993
2024-05-17 10:00:00,6246.792207772727,612.0103896090909,37.61702467,0.424634131,10,2,6,6060.540381477273,593.7929180181819,36.7640049825,0.41015971599999984,59.381622,1.3636868
2024-05-17 10:15:00,6721.420454545455,658.3585227272728,38.81491067,0.454354839,10,2,6,6392.5631087500005,626.2223214272728,37.827929617500004,0.43208698874999985,-30.77655,-0.3700831
2024-05-17 10:30:00,7259.506493545455,710.8474025954546,40.22812887,0.501060281,10,2,6,6483.973823056818,635.1536525965911,38.4795500525,0.4408472282499999,627.942,64.294174
2024-05-17 10:45:00,6607.748376636364,647.2418831181818,41.11575329,0.464913585,10,2,6,6708.866883125,657.1145495125002,39.443954375000004,0.4612407089999999,3186.1775,308.5719
2024-05-17 11:00:00,6739.063311727273,659.5668019590909,37.09672233,0.450857721,11,2,6,6831.934659113636,669.0036526000001,39.31387879,0.4677966064999999,19.445938,0.6931379
2024-05-17 11:15:00,7986.976460999999,781.7775973954544,42.28302813,0.564246406,11,2,6,7148.323660727272,699.8584212670455,40.180908155,0.49526949824999983,-0.16928035,-2.3956673
2024-05-17 11:30:00,7683.698863636364,752.2137987045454,41.92671267,0.537229793,11,2,6,7254.3717532499995,710.2000202943182,40.605554104999996,0.5043118762499998,-27.331604,-0.83253384
2024-05-17 11:45:00,11535.650162727274,1126.0869318181817,46.33160187,0.892716588,11,2,6,8486.347199772728,829.9112824693182,41.909516249999996,0.6112626269999999,8867.277,875.88885
2024-05-17 12:00:00,11536.34740290909,1125.9570617136362,51.776054,0.897167359,12,2,6,9685.668222568182,946.5088474079546,45.5793491675,0.7228400364999998,-3.0758355,-1.8364761
2024-05-17 12:15:00,13542.19967590909,1320.4070617272728,53.77353713,1.031230309,12,2,6,11074.474026295455,1081.1662134909093,48.4519764175,0.8395860122499998,-10.106231,-0.18541408
2024-05-17 12:30:00,9589.383116772728,937.2285714318182,51.34074067,0.718821216,12,2,6,11550.895089579544,1127.4199066727274,50.8054834175,0.8849838679999998,-3.5237114,-2.1896844
2024-05-17 12:45:00,10071.682630136364,984.3508928636364,47.83913767,0.700174899,12,2,6,11184.903206431816,1091.985896934091,51.18236736750001,0.8368484457499998,-3.4050438,-0.8035095
2024-05-17 13:00:00,7036.7069805,689.0912337636364,43.52298429,0.489487416,13,2,6,10059.993100829546,982.7694399465911,49.11909994,0.7349284599999999,6964.0625,677.20636
2024-05-17 13:15:00,8835.642857227273,864.2759740181817,42.5793576,0.602171577,13,2,6,8883.353896159091,868.7366680193184,46.3205550575,0.6276637769999999,3388.4265,334.73465
2024-05-17 13:30:00,9785.897727272728,956.5522727272728,44.689929,0.659398377,13,2,6,8932.482548784092,873.5675933431819,44.65785214,0.6128080672499998,-4.044357,-0.3787787
2024-05-17 13:45:00,8249.545454545454,806.6363636454546,45.0513366,0.599460575,13,2,6,8476.948254886363,829.1389610386365,43.960901872499996,0.5876294862499999,-11.057723,-0.3117559
2024-05-17 14:00:00,6279.585227272727,615.0613636363637,41.97513207,0.438457781,14,2,6,8287.667816579546,810.6314935068183,43.5739388175,0.5748720774999998,31.443298,2.2353404
2024-05-17 14:15:00,6053.155844181819,593.0935064909091,39.4037556,0.410626219,14,2,6,7592.046063318182,742.8358766250001,42.7800383175,0.5269857379999998,6366.8213,632.5313
2024-05-17 14:30:00,8339.818181818182,815.8073863636364,42.79567873,0.58660541,14,2,6,7230.526176954545,707.6496550340911,42.30647575,0.5087874962499999,0.6871039,-1.8532164
2024-05-17 14:45:00,7827.3636362727275,765.9850649363635,44.9506284,0.535011973,14,2,6,7124.980722386364,697.4868303568182,42.2812987,0.4926753457499998,17.742645,-0.102543116
2024-05-17 15:00:00,4752.286525954545,466.13514610909095,39.94669987,0.317453137,15,2,6,6743.156047056818,660.2552759750001,41.77419065,0.46242418474999986,10113.819,1002.86505
2024-05-17 15:15:00,1553.5405843636363,151.89569805,34.29488936,0.10420549,15,2,6,5618.2522321022725,549.9558238647728,40.496974089999995,0.38581900249999984,5976.776,588.73334
2024-05-17 15:30:00,902.8409090909091,87.64902597454545,26.2441224,0.055315736,15,2,6,3759.0079139204545,367.9162337675001,36.3590850075,0.25299658399999986,-11.514922,-0.90369916
2024-05-17 15:45:00,1409.5097402727274,137.5472402681818,23.53619193,0.085784176,15,2,6,2154.5444399204544,210.80677760045467,31.00547589,0.14068963474999985,84.86786,3.1063035
2024-05-17 16:00:00,3202.6696428181817,314.6592532454545,24.98666787,0.199771257,16,2,6,1767.1402191363636,172.93780438454556,27.26546789,0.11126916474999984,2308.3674,219.27686
2024-05-17 16:15:00,3647.987013,358.1837662409091,28.99693187,0.235077558,16,2,6,2290.7518262954545,224.50982143227284,25.9409785175,0.14398718174999983,10.468186,-0.7182057
2024-05-17 16:30:00,1835.5170455,179.7685876590909,29.47314233,0.118630012,16,2,6,2523.920860397727,247.53971185340922,26.7482335,0.15981575074999985,8685.639,856.4669
2024-05-17 16:45:00,1132.086850590909,110.06566558181818,26.9722656,0.07161635,16,2,6,2454.5651379772726,240.6693181818183,27.6072519175,0.15627379424999982,2110.5913,201.90349
2024-05-17 17:00:00,1316.1988636818182,128.15357142272728,25.51240247,0.086472635,17,2,6,1982.9474431931817,194.0428977261365,27.7386855675,0.12794913874999983,8201.6455,815.22485
2024-05-17 17:15:00,1560.4220779545453,152.57021103636365,26.66497143,0.104762445,17,2,6,1461.0562094318182,142.63950892500011,27.155695457500002,0.09537036049999983,64.87747,2.158766
2024-05-17 17:30:00,1340.5454545454545,130.44727272727275,26.86244345,0.090131769,17,2,6,1337.3133116931817,130.30918019204557,26.5030207375,0.08824579974999983,3922.3225,376.97852
2024-05-17 17:45:00,946.0649350681819,91.89220779181818,25.95027171,0.065258564,17,2,6,1290.8078328125,125.76581574454558,26.247522265,0.08665635324999983,4.6545873,0.24991369
2024-05-17 18:00:00,605.0909091,58.572077922272726,25.08092453,0.041939565,18,2,6,1113.0308441670454,108.37044236943194,26.13965278,0.07552308574999983,10.521882,-0.83873034
2024-05-17 18:15:00,338.66477272727275,32.72159090909091,24.0682496,0.023445701,18,2,6,807.5915178602272,78.40828733761376,25.4904723225,0.05519389974999983,9845.362,969.8084
2024-05-17 18:30:00,78.11688311727272,7.537662337727273,22.96865843,0.00700689,18,2,6,491.9843750031818,47.680884740227384,24.5170260675,0.034412679999999835,7451.789,731.6921
2024-05-17 18:45:00,0.0,0.0,22.460372,3.91e-05,18,2,6,255.46814123613638,24.70783279227284,23.64455114,0.018107813999999833,9.742433,-0.66725373
2024-05-17 19:00:00,0.0,0.0,22.42334993,0.0,19,2,6,104.19541396113637,10.064813311704658,22.98015749,0.007622922749999833,5068.2603,496.0909
2024-05-17 19:15:00,0.0,0.0,22.7568808,0.0,19,2,6,19.52922077931818,1.884415584431932,22.65231529,0.0017614974999998335,9.83635,0.5532677
2024-05-17 19:30:00,0.0,0.0,22.7176046,0.0,19,2,6,0.0,0.0,22.5895518325,9.774999999833467e-06,12502.953,1232.5923
2024-05-17 19:45:00,0.0,0.0,21.77430413,0.0,19,2,6,0.0,0.0,22.418034865000003,0.0,17.90216,-0.99673486
2024-05-17 20:00:00,0.0,0.0,21.24322107,0.0,20,2,6,0.0,0.0,22.123002650000004,0.0,6.557816,-0.40823102
2024-05-17 20:15:00,0.0,0.0,20.784727,0.0,20,2,6,0.0,0.0,21.6299642,0.0,8067.202,796.74225
2024-05-17 20:30:00,0.0,0.0,20.9494608,0.0,20,2,6,0.0,0.0,21.18792825,0.0,18.705765,-0.0025174618
2024-05-17 20:45:00,0.0,0.0,21.12194821,0.0,20,2,6,0.0,0.0,21.02483927,0.0,-16.00035,-1.5010941
2024-05-17 21:00:00,0.0,0.0,21.38310747,0.0,21,2,6,0.0,0.0,21.05981087,0.0,1138.962,115.3398
2024-05-17 21:15:00,0.0,0.0,21.56317947,0.0,21,2,6,0.0,0.0,21.254423987499997,0.0,7.587998,-0.80996346
2024-05-17 21:30:00,0.0,0.0,21.86977347,0.0,21,2,6,0.0,0.0,21.484502155,0.0,2204.532,215.52972
2024-05-17 21:45:00,0.0,0.0,22.1259848,0.0,21,2,6,0.0,0.0,21.7355113025,0.0,28.055054,0.60634065
2024-05-17 22:00:00,0.0,0.0,21.16471347,0.0,22,2,6,0.0,0.0,21.6809128025,0.0,17.387787,-0.06144786
2024-05-17 22:15:00,0.0,0.0,20.51527293,0.0,22,2,6,0.0,0.0,21.418936167499997,0.0,2043.436,189.3847
2024-05-17 22:30:00,0.0,0.0,21.0808288,0.0,22,2,6,0.0,0.0,21.2217,0.0,-1.0321038,-1.510381
2024-05-17 22:45:00,0.0,0.0,21.48037727,0.0,22,2,6,0.0,0.0,21.0602981175,0.0,7406.0854,730.2317
2024-05-17 23:00:00,0.0,0.0,21.38902387,0.0,23,2,6,0.0,0.0,21.1163757175,0.0,9.291978,-1.2832916
2024-05-17 23:15:00,0.0,0.0,20.70921136,0.0,23,2,6,0.0,0.0,21.164860325,0.0,9.906251,-0.26473212
2024-05-17 23:30:00,0.0,0.0,20.7349628,0.0,23,2,6,0.0,0.0,21.078393825,0.0,5314.276,515.1516
2024-05-17 23:45:00,0.0,0.0,20.4279724,0.0,23,2,6,0.0,0.0,20.8152926075,0.0,2.2713783,-2.0229423
